fuente_url,fecha_consulta,sku,nombre,campo_afectado,valor_observado,motivo
https://ferricentro.com/productos/herramienta-manual,2026-10-01T23:44:20-05:00,FF-0000012528,Abecedario De Golpe De 4Mm,precio_cop,66000,"La pagina no muestra codigo de moneda (ni COP, ni ""pesos"", ni ""colombiano""). El importe es el entero observado; que sea COP se deduce del locale es_CO y del simbolo $, no de un dato explicito."
https://ferricentro.com/productos/herramienta-manual,2026-10-01T23:44:20-05:00,FF-0000012528,Abecedario De Golpe De 4Mm,activo,,"El campo activo queda vacio: no existe regla documentada. Los botones ""Agregar al carro"" estan deshabilitados en toda la pagina, sin variacion, y un boton de carrito no prueba disponibilidad ni cantidad."
https://ferricentro.com/productos/herramienta-manual,2026-10-01T23:44:20-05:00,FF-0000012530,Abecedario De Golpe De 6Mm,precio_cop,106743,"La pagina no muestra codigo de moneda (ni COP, ni ""pesos"", ni ""colombiano""). El importe es el entero observado; que sea COP se deduce del locale es_CO y del simbolo $, no de un dato explicito."
https://ferricentro.com/productos/herramienta-manual,2026-10-01T23:44:20-05:00,FF-0000012530,Abecedario De Golpe De 6Mm,activo,,"El campo activo queda vacio: no existe regla documentada. Los botones ""Agregar al carro"" estan deshabilitados en toda la pagina, sin variacion, y un boton de carrito no prueba disponibilidad ni cantidad."
https://ferricentro.com/productos/herramienta-manual,2026-10-01T23:44:20-05:00,FF-0000012531,Abecedario De Golpe De 8Mm,precio_cop,136731,"La pagina no muestra codigo de moneda (ni COP, ni ""pesos"", ni ""colombiano""). El importe es el entero observado; que sea COP se deduce del locale es_CO y del simbolo $, no de un dato explicito."
https://ferricentro.com/productos/herramienta-manual,2026-10-01T23:44:20-05:00,FF-0000012531,Abecedario De Golpe De 8Mm,activo,,"El campo activo queda vacio: no existe regla documentada. Los botones ""Agregar al carro"" estan deshabilitados en toda la pagina, sin variacion, y un boton de carrito no prueba disponibilidad ni cantidad."
https://ferricentro.com/productos/herramienta-manual,2026-10-01T23:44:20-05:00,FF-0000051959,Accesorios Neumáticos Para Compresor Juego 17Pzs,precio_cop,76800,"La pagina no muestra codigo de moneda (ni COP, ni ""pesos"", ni ""colombiano""). El importe es el entero observado; que sea COP se deduce del locale es_CO y del simbolo $, no de un dato explicito."
https://ferricentro.com/productos/herramienta-manual,2026-10-01T23:44:20-05:00,FF-0000051959,Accesorios Neumáticos Para Compresor Juego 17Pzs,activo,,"El campo activo queda vacio: no existe regla documentada. Los botones ""Agregar al carro"" estan deshabilitados en toda la pagina, sin variacion, y un boton de carrito no prueba disponibilidad ni cantidad."
https://ferricentro.com/productos/herramienta-manual,2026-10-01T23:44:20-05:00,FF-0000051960,Accesorios Neumáticos Para Compresor Juego 20Pzs,precio_cop,155000,"La pagina no muestra codigo de moneda (ni COP, ni ""pesos"", ni ""colombiano""). El importe es el entero observado; que sea COP se deduce del locale es_CO y del simbolo $, no de un dato explicito."
https://ferricentro.com/productos/herramienta-manual,2026-10-01T23:44:20-05:00,FF-0000051960,Accesorios Neumáticos Para Compresor Juego 20Pzs,activo,,"El campo activo queda vacio: no existe regla documentada. Los botones ""Agregar al carro"" estan deshabilitados en toda la pagina, sin variacion, y un boton de carrito no prueba disponibilidad ni cantidad."
https://ferricentro.com/productos/herramienta-manual,2026-10-01T23:44:20-05:00,FF-0000051961,Accesorios Neumáticos Para Compresor Juego 7Pzs,precio_cop,38000,"La pagina no muestra codigo de moneda (ni COP, ni ""pesos"", ni ""colombiano""). El importe es el entero observado; que sea COP se deduce del locale es_CO y del simbolo $, no de un dato explicito."
https://ferricentro.com/productos/herramienta-manual,2026-10-01T23:44:20-05:00,FF-0000051961,Accesorios Neumáticos Para Compresor Juego 7Pzs,activo,,"El campo activo queda vacio: no existe regla documentada. Los botones ""Agregar al carro"" estan deshabilitados en toda la pagina, sin variacion, y un boton de carrito no prueba disponibilidad ni cantidad."
https://ferricentro.com/productos/herramienta-manual,2026-10-01T23:44:20-05:00,FF-0000051974,Accesorios Para Manguera Con Abrazaderas 6Pzs,precio_cop,21500,"La pagina no muestra codigo de moneda (ni COP, ni ""pesos"", ni ""colombiano""). El importe es el entero observado; que sea COP se deduce del locale es_CO y del simbolo $, no de un dato explicito."
https://ferricentro.com/productos/herramienta-manual,2026-10-01T23:44:20-05:00,FF-0000051974,Accesorios Para Manguera Con Abrazaderas 6Pzs,activo,,"El campo activo queda vacio: no existe regla documentada. Los botones ""Agregar al carro"" estan deshabilitados en toda la pagina, sin variacion, y un boton de carrito no prueba disponibilidad ni cantidad."
https://ferricentro.com/productos/herramienta-manual,2026-10-01T23:44:20-05:00,FF-0000053559,Aceite Supermoto 2T Fb 946Cc Cuarto,precio_cop,20000,"La pagina no muestra codigo de moneda (ni COP, ni ""pesos"", ni ""colombiano""). El importe es el entero observado; que sea COP se deduce del locale es_CO y del simbolo $, no de un dato explicito."
https://ferricentro.com/productos/herramienta-manual,2026-10-01T23:44:20-05:00,FF-0000053559,Aceite Supermoto 2T Fb 946Cc Cuarto,activo,,"El campo activo queda vacio: no existe regla documentada. Los botones ""Agregar al carro"" estan deshabilitados en toda la pagina, sin variacion, y un boton de carrito no prueba disponibilidad ni cantidad."
https://ferricentro.com/productos/herramienta-manual,2026-10-01T23:44:20-05:00,FF-0000053561,Aceite Supermoto 4T 20W50 1 Litro,precio_cop,24000,"La pagina no muestra codigo de moneda (ni COP, ni ""pesos"", ni ""colombiano""). El importe es el entero observado; que sea COP se deduce del locale es_CO y del simbolo $, no de un dato explicito."
https://ferricentro.com/productos/herramienta-manual,2026-10-01T23:44:20-05:00,FF-0000053561,Aceite Supermoto 4T 20W50 1 Litro,activo,,"El campo activo queda vacio: no existe regla documentada. Los botones ""Agregar al carro"" estan deshabilitados en toda la pagina, sin variacion, y un boton de carrito no prueba disponibilidad ni cantidad."
https://ferricentro.com/productos/herramienta-manual,2026-10-01T23:44:20-05:00,FF-0000053560,Aceite Supermoto Agro 2T Fd 946Cc Cuarto,precio_cop,28600,"La pagina no muestra codigo de moneda (ni COP, ni ""pesos"", ni ""colombiano""). El importe es el entero observado; que sea COP se deduce del locale es_CO y del simbolo $, no de un dato explicito."
https://ferricentro.com/productos/herramienta-manual,2026-10-01T23:44:20-05:00,FF-0000053560,Aceite Supermoto Agro 2T Fd 946Cc Cuarto,activo,,"El campo activo queda vacio: no existe regla documentada. Los botones ""Agregar al carro"" estan deshabilitados en toda la pagina, sin variacion, y un boton de carrito no prueba disponibilidad ni cantidad."
https://ferricentro.com/productos/herramienta-manual,2026-10-01T23:44:20-05:00,FF-0000005061,Aceitera 500Ml Con Boquilla Flexible,precio_cop,18000,"La pagina no muestra codigo de moneda (ni COP, ni ""pesos"", ni ""colombiano""). El importe es el entero observado; que sea COP se deduce del locale es_CO y del simbolo $, no de un dato explicito."
https://ferricentro.com/productos/herramienta-manual,2026-10-01T23:44:20-05:00,FF-0000005061,Aceitera 500Ml Con Boquilla Flexible,activo,,"El campo activo queda vacio: no existe regla documentada. Los botones ""Agregar al carro"" estan deshabilitados en toda la pagina, sin variacion, y un boton de carrito no prueba disponibilidad ni cantidad."
https://ferricentro.com/productos/herramienta-manual,2026-10-01T23:44:20-05:00,FF-0000055730,Aceitera Metalica 1000Ml Tubo Flexible,precio_cop,64100,"La pagina no muestra codigo de moneda (ni COP, ni ""pesos"", ni ""colombiano""). El importe es el entero observado; que sea COP se deduce del locale es_CO y del simbolo $, no de un dato explicito."
https://ferricentro.com/productos/herramienta-manual,2026-10-01T23:44:20-05:00,FF-0000055730,Aceitera Metalica 1000Ml Tubo Flexible,activo,,"El campo activo queda vacio: no existe regla documentada. Los botones ""Agregar al carro"" estan deshabilitados en toda la pagina, sin variacion, y un boton de carrito no prueba disponibilidad ni cantidad."
https://ferricentro.com/productos/herramienta-manual,2026-10-01T23:44:20-05:00,FF-0000055731,Aceitera Metalica 160Ml Tubo Flexible,precio_cop,47100,"La pagina no muestra codigo de moneda (ni COP, ni ""pesos"", ni ""colombiano""). El importe es el entero observado; que sea COP se deduce del locale es_CO y del simbolo $, no de un dato explicito."
https://ferricentro.com/productos/herramienta-manual,2026-10-01T23:44:20-05:00,FF-0000055731,Aceitera Metalica 160Ml Tubo Flexible,activo,,"El campo activo queda vacio: no existe regla documentada. Los botones ""Agregar al carro"" estan deshabilitados en toda la pagina, sin variacion, y un boton de carrito no prueba disponibilidad ni cantidad."
https://ferricentro.com/productos/herramienta-manual,2026-10-01T23:44:20-05:00,FF-0000001111,"Acolilladora Manual 12"" Con Serrucho De 14""",precio_cop,99700,"La pagina no muestra codigo de moneda (ni COP, ni ""pesos"", ni ""colombiano""). El importe es el entero observado; que sea COP se deduce del locale es_CO y del simbolo $, no de un dato explicito."
https://ferricentro.com/productos/herramienta-manual,2026-10-01T23:44:20-05:00,FF-0000001111,"Acolilladora Manual 12"" Con Serrucho De 14""",activo,,"El campo activo queda vacio: no existe regla documentada. Los botones ""Agregar al carro"" estan deshabilitados en toda la pagina, sin variacion, y un boton de carrito no prueba disponibilidad ni cantidad."
https://ferricentro.com/productos/herramienta-manual,2026-10-01T23:44:20-05:00,FF-0000051966,Acople Rápido Hembra Dorado,precio_cop,19800,"La pagina no muestra codigo de moneda (ni COP, ni ""pesos"", ni ""colombiano""). El importe es el entero observado; que sea COP se deduce del locale es_CO y del simbolo $, no de un dato explicito."
https://ferricentro.com/productos/herramienta-manual,2026-10-01T23:44:20-05:00,FF-0000051966,Acople Rápido Hembra Dorado,activo,,"El campo activo queda vacio: no existe regla documentada. Los botones ""Agregar al carro"" estan deshabilitados en toda la pagina, sin variacion, y un boton de carrito no prueba disponibilidad ni cantidad."
https://ferricentro.com/productos/herramienta-manual,2026-10-01T23:44:20-05:00,FF-0000051967,Acople Rápido Macho Dorado,precio_cop,15300,"La pagina no muestra codigo de moneda (ni COP, ni ""pesos"", ni ""colombiano""). El importe es el entero observado; que sea COP se deduce del locale es_CO y del simbolo $, no de un dato explicito."
https://ferricentro.com/productos/herramienta-manual,2026-10-01T23:44:20-05:00,FF-0000051967,Acople Rápido Macho Dorado,activo,,"El campo activo queda vacio: no existe regla documentada. Los botones ""Agregar al carro"" estan deshabilitados en toda la pagina, sin variacion, y un boton de carrito no prueba disponibilidad ni cantidad."
https://ferricentro.com/productos/herramienta-manual,2026-10-01T23:44:20-05:00,FF-0000043617,"Adaptador 3/4"" Hembra X 1/2"" Macho",precio_cop,42300,"La pagina no muestra codigo de moneda (ni COP, ni ""pesos"", ni ""colombiano""). El importe es el entero observado; que sea COP se deduce del locale es_CO y del simbolo $, no de un dato explicito."
https://ferricentro.com/productos/herramienta-manual,2026-10-01T23:44:20-05:00,FF-0000043617,"Adaptador 3/4"" Hembra X 1/2"" Macho",activo,,"El campo activo queda vacio: no existe regla documentada. Los botones ""Agregar al carro"" estan deshabilitados en toda la pagina, sin variacion, y un boton de carrito no prueba disponibilidad ni cantidad."
https://ferricentro.com/productos/herramienta-manual,2026-10-01T23:44:20-05:00,FF-0000005065,"Adaptador H1"" X M3/4""",precio_cop,57100,"La pagina no muestra codigo de moneda (ni COP, ni ""pesos"", ni ""colombiano""). El importe es el entero observado; que sea COP se deduce del locale es_CO y del simbolo $, no de un dato explicito."
https://ferricentro.com/productos/herramienta-manual,2026-10-01T23:44:20-05:00,FF-0000005065,"Adaptador H1"" X M3/4""",activo,,"El campo activo queda vacio: no existe regla documentada. Los botones ""Agregar al carro"" estan deshabilitados en toda la pagina, sin variacion, y un boton de carrito no prueba disponibilidad ni cantidad."
https://ferricentro.com/productos/herramienta-manual,2026-10-01T23:44:20-05:00,FF-0000005067,"Adaptador Hembra 1/2"" X 3/8"" Macho",precio_cop,10353,"La pagina no muestra codigo de moneda (ni COP, ni ""pesos"", ni ""colombiano""). El importe es el entero observado; que sea COP se deduce del locale es_CO y del simbolo $, no de un dato explicito."
https://ferricentro.com/productos/herramienta-manual,2026-10-01T23:44:20-05:00,FF-0000005067,"Adaptador Hembra 1/2"" X 3/8"" Macho",activo,,"El campo activo queda vacio: no existe regla documentada. Los botones ""Agregar al carro"" estan deshabilitados en toda la pagina, sin variacion, y un boton de carrito no prueba disponibilidad ni cantidad."
https://ferricentro.com/productos/herramienta-manual,2026-10-01T23:44:20-05:00,FF-0000000131,"Adaptador Para Copas Hembra 1/4""X3/8"" Macho 86-002",precio_cop,6426,"La pagina no muestra codigo de moneda (ni COP, ni ""pesos"", ni ""colombiano""). El importe es el entero observado; que sea COP se deduce del locale es_CO y del simbolo $, no de un dato explicito."
https://ferricentro.com/productos/herramienta-manual,2026-10-01T23:44:20-05:00,FF-0000000131,"Adaptador Para Copas Hembra 1/4""X3/8"" Macho 86-002",activo,,"El campo activo queda vacio: no existe regla documentada. Los botones ""Agregar al carro"" estan deshabilitados en toda la pagina, sin variacion, y un boton de carrito no prueba disponibilidad ni cantidad."
https://ferricentro.com/productos/herramienta-manual,2026-10-01T23:44:20-05:00,FF-0000043567,"Adaptador Para Copas Hembra 3/8"" Macho 1/2",precio_cop,8900,"La pagina no muestra codigo de moneda (ni COP, ni ""pesos"", ni ""colombiano""). El importe es el entero observado; que sea COP se deduce del locale es_CO y del simbolo $, no de un dato explicito."
https://ferricentro.com/productos/herramienta-manual,2026-10-01T23:44:20-05:00,FF-0000043567,"Adaptador Para Copas Hembra 3/8"" Macho 1/2",activo,,"El campo activo queda vacio: no existe regla documentada. Los botones ""Agregar al carro"" estan deshabilitados en toda la pagina, sin variacion, y un boton de carrito no prueba disponibilidad ni cantidad."
https://ferricentro.com/productos/herramienta-manual,2026-10-01T23:44:20-05:00,FF-0000043566,"Adaptador Para Copas Hembra 3/8"" Macho 1/4""",precio_cop,6100,"La pagina no muestra codigo de moneda (ni COP, ni ""pesos"", ni ""colombiano""). El importe es el entero observado; que sea COP se deduce del locale es_CO y del simbolo $, no de un dato explicito."
https://ferricentro.com/productos/herramienta-manual,2026-10-01T23:44:20-05:00,FF-0000043566,"Adaptador Para Copas Hembra 3/8"" Macho 1/4""",activo,,"El campo activo queda vacio: no existe regla documentada. Los botones ""Agregar al carro"" estan deshabilitados en toda la pagina, sin variacion, y un boton de carrito no prueba disponibilidad ni cantidad."
https://ferricentro.com/productos/herramienta-manual,2026-10-01T23:44:20-05:00,FF-0000000135,"Adaptador Para Copas Hembra De 1/2"" X 3/4"" Macho",precio_cop,19100,"La pagina no muestra codigo de moneda (ni COP, ni ""pesos"", ni ""colombiano""). El importe es el entero observado; que sea COP se deduce del locale es_CO y del simbolo $, no de un dato explicito."
https://ferricentro.com/productos/herramienta-manual,2026-10-01T23:44:20-05:00,FF-0000000135,"Adaptador Para Copas Hembra De 1/2"" X 3/4"" Macho",activo,,"El campo activo queda vacio: no existe regla documentada. Los botones ""Agregar al carro"" estan deshabilitados en toda la pagina, sin variacion, y un boton de carrito no prueba disponibilidad ni cantidad."
https://ferricentro.com/productos/herramienta-manual,2026-10-01T23:44:20-05:00,FF-0000000134,"Adaptador Para Copas Hembra De 1/2"" X 3/8"" Macho",precio_cop,8568,"La pagina no muestra codigo de moneda (ni COP, ni ""pesos"", ni ""colombiano""). El importe es el entero observado; que sea COP se deduce del locale es_CO y del simbolo $, no de un dato explicito."
https://ferricentro.com/productos/herramienta-manual,2026-10-01T23:44:20-05:00,FF-0000000134,"Adaptador Para Copas Hembra De 1/2"" X 3/8"" Macho",activo,,"El campo activo queda vacio: no existe regla documentada. Los botones ""Agregar al carro"" estan deshabilitados en toda la pagina, sin variacion, y un boton de carrito no prueba disponibilidad ni cantidad."
