proveedor,sku,nombre,marca,precio_cop,inventario,activo,fuente_url,fecha_consulta,estado_revision
Ferricentro,FF-0000012528,Abecedario De Golpe De 4Mm,SURTEK,66000,,,https://ferricentro.com/productos/herramienta-manual,2026-10-01T23:44:20-05:00,requiere_revision
Ferricentro,FF-0000012530,Abecedario De Golpe De 6Mm,SURTEK,106743,,,https://ferricentro.com/productos/herramienta-manual,2026-10-01T23:44:20-05:00,requiere_revision
Ferricentro,FF-0000012531,Abecedario De Golpe De 8Mm,SURTEK,136731,,,https://ferricentro.com/productos/herramienta-manual,2026-10-01T23:44:20-05:00,requiere_revision
Ferricentro,FF-0000051959,Accesorios Neumáticos Para Compresor Juego 17Pzs,MIKELS,76800,,,https://ferricentro.com/productos/herramienta-manual,2026-10-01T23:44:20-05:00,requiere_revision
Ferricentro,FF-0000051960,Accesorios Neumáticos Para Compresor Juego 20Pzs,MIKELS,155000,,,https://ferricentro.com/productos/herramienta-manual,2026-10-01T23:44:20-05:00,requiere_revision
Ferricentro,FF-0000051961,Accesorios Neumáticos Para Compresor Juego 7Pzs,MIKELS,38000,,,https://ferricentro.com/productos/herramienta-manual,2026-10-01T23:44:20-05:00,requiere_revision
Ferricentro,FF-0000051974,Accesorios Para Manguera Con Abrazaderas 6Pzs,MIKELS,21500,,,https://ferricentro.com/productos/herramienta-manual,2026-10-01T23:44:20-05:00,requiere_revision
Ferricentro,FF-0000053559,Aceite Supermoto 2T Fb 946Cc Cuarto,EDUARDODO,20000,,,https://ferricentro.com/productos/herramienta-manual,2026-10-01T23:44:20-05:00,requiere_revision
Ferricentro,FF-0000053561,Aceite Supermoto 4T 20W50 1 Litro,EDUARDODO,24000,,,https://ferricentro.com/productos/herramienta-manual,2026-10-01T23:44:20-05:00,requiere_revision
Ferricentro,FF-0000053560,Aceite Supermoto Agro 2T Fd 946Cc Cuarto,EDUARDODO,28600,,,https://ferricentro.com/productos/herramienta-manual,2026-10-01T23:44:20-05:00,requiere_revision
Ferricentro,FF-0000005061,Aceitera 500Ml Con Boquilla Flexible,FORCE,18000,,,https://ferricentro.com/productos/herramienta-manual,2026-10-01T23:44:20-05:00,requiere_revision
Ferricentro,FF-0000055730,Aceitera Metalica 1000Ml Tubo Flexible,MIKELS,64100,,,https://ferricentro.com/productos/herramienta-manual,2026-10-01T23:44:20-05:00,requiere_revision
Ferricentro,FF-0000055731,Aceitera Metalica 160Ml Tubo Flexible,MIKELS,47100,,,https://ferricentro.com/productos/herramienta-manual,2026-10-01T23:44:20-05:00,requiere_revision
Ferricentro,FF-0000001111,"Acolilladora Manual 12"" Con Serrucho De 14""",STANLEY,99700,,,https://ferricentro.com/productos/herramienta-manual,2026-10-01T23:44:20-05:00,requiere_revision
Ferricentro,FF-0000051966,Acople Rápido Hembra Dorado,MIKELS,19800,,,https://ferricentro.com/productos/herramienta-manual,2026-10-01T23:44:20-05:00,requiere_revision
Ferricentro,FF-0000051967,Acople Rápido Macho Dorado,MIKELS,15300,,,https://ferricentro.com/productos/herramienta-manual,2026-10-01T23:44:20-05:00,requiere_revision
Ferricentro,FF-0000043617,"Adaptador 3/4"" Hembra X 1/2"" Macho",SATA,42300,,,https://ferricentro.com/productos/herramienta-manual,2026-10-01T23:44:20-05:00,requiere_revision
Ferricentro,FF-0000005065,"Adaptador H1"" X M3/4""",FORCE,57100,,,https://ferricentro.com/productos/herramienta-manual,2026-10-01T23:44:20-05:00,requiere_revision
Ferricentro,FF-0000005067,"Adaptador Hembra 1/2"" X 3/8"" Macho",FORCE,10353,,,https://ferricentro.com/productos/herramienta-manual,2026-10-01T23:44:20-05:00,requiere_revision
Ferricentro,FF-0000000131,"Adaptador Para Copas Hembra 1/4""X3/8"" Macho 86-002",STANLEY,6426,,,https://ferricentro.com/productos/herramienta-manual,2026-10-01T23:44:20-05:00,requiere_revision
Ferricentro,FF-0000043567,"Adaptador Para Copas Hembra 3/8"" Macho 1/2",SATA,8900,,,https://ferricentro.com/productos/herramienta-manual,2026-10-01T23:44:20-05:00,requiere_revision
Ferricentro,FF-0000043566,"Adaptador Para Copas Hembra 3/8"" Macho 1/4""",SATA,6100,,,https://ferricentro.com/productos/herramienta-manual,2026-10-01T23:44:20-05:00,requiere_revision
Ferricentro,FF-0000000135,"Adaptador Para Copas Hembra De 1/2"" X 3/4"" Macho",STANLEY,19100,,,https://ferricentro.com/productos/herramienta-manual,2026-10-01T23:44:20-05:00,requiere_revision
Ferricentro,FF-0000000134,"Adaptador Para Copas Hembra De 1/2"" X 3/8"" Macho",STANLEY,8568,,,https://ferricentro.com/productos/herramienta-manual,2026-10-01T23:44:20-05:00,requiere_revision
