conversation_id,contacto,wa_id,target,tipo,estado,fecha_inicio,fecha_fin,duracion_min,primera_respuesta_min,num_mensajes,ciudad,barrio,barrio_consulta,costo_envio_estandar,tienda,destinatario,metodo_pago,subtotal,domicilio,total,num_lineas_producto,unidades_total,productos,referencia_corregida,color_crema_pendiente,evidencia_msg_ids
wa-hogar-0001,Ana Gómez,+57 300 XXX 0001,+57 300 XXX 0001,pedido,confirmado,2026-08-02T14:03:00.000Z,2026-08-02T14:17:00.000Z,14.0,3.0,6,Manizales,Palermo,,,Casa Ficticia,Ana Gómez,nequi,242000,14000,256000,2,5,cojín decorativo verde oliva (cant 2); juego de toallas blancas x3 (cant 3),False,False,"wa-hogar-0001-msg-01,wa-hogar-0001-msg-04,wa-hogar-0001-msg-05"
wa-hogar-0002,Carlos Gómez,+57 300 XXX 0002,+57 300 XXX 0002,pedido,confirmado,2026-08-03T15:06:00.000Z,2026-08-03T15:21:30.000Z,15.5,4.0,6,Cartagena,Manga,,,Hogar Demo Colombia,Carlos Gómez,pago contraentrega,413000,18000,431000,3,6,protector de colchón sencillo (cant 3); cobija térmica queen beige (cant 1); juego de sábanas doble algodón (cant 2),False,False,"wa-hogar-0002-msg-01,wa-hogar-0002-msg-04,wa-hogar-0002-msg-05"
wa-hogar-0003,Diana Gómez,+57 300 XXX 0003,+57 300 XXX 0003,pedido,confirmado,2026-08-04T16:09:00.000Z,2026-08-04T16:28:30.000Z,19.5,0.5,6,Medellín,Laureles,,,Almacén Hogar Ejemplo,Diana Gómez,transferencia bancaria,115000,10000,125000,1,1,cortina blackout 140x220 gris (cant 1),False,False,"wa-hogar-0003-msg-01,wa-hogar-0003-msg-04,wa-hogar-0003-msg-05"
wa-hogar-0004,Felipe Gómez,+57 300 XXX 0004,+57 300 XXX 0004,pedido,confirmado,2026-08-05T17:12:00.000Z,2026-08-05T17:30:49.800Z,18.8,6.0,6,Ibagué,La Pola,,,Textiles de Prueba,Felipe Gómez,daviplata,232000,14000,246000,2,5,tapete de baño gris (cant 2); protector de colchón doble (cant 3),False,False,"wa-hogar-0004-msg-01,wa-hogar-0004-msg-04,wa-hogar-0004-msg-05"
wa-hogar-0005,Laura Gómez,+57 300 XXX 0005,+57 300 XXX 0005,consulta:politica_devoluciones,sin_pedido,2026-08-06T18:15:00.000Z,2026-08-06T18:34:45.000Z,19.8,7.0,5,,,,,,,,,,,0,0,,False,False,"wa-hogar-0005-msg-01,wa-hogar-0005-msg-05"
wa-hogar-0006,Mateo Gómez,+57 300 XXX 0006,+57 300 XXX 0006,pedido,confirmado,2026-08-07T19:18:00.000Z,2026-08-07T20:20:00.000Z,62.0,0.5,6,Cali,San Fernando,,,Hogar Demo Colombia,Mateo Gómez,pago contraentrega,78000,11000,89000,1,1,juego de sábanas doble algodón (cant 1),False,False,"wa-hogar-0006-msg-01,wa-hogar-0006-msg-04,wa-hogar-0006-msg-05"
wa-hogar-0007,Natalia Gómez,+57 300 XXX 0007,+57 300 XXX 0007,pedido,confirmado,2026-08-08T13:21:00.000Z,2026-08-08T14:51:00.000Z,90.0,55.0,6,Santa Marta,Bavaria,,,Almacén Hogar Ejemplo,Natalia Gómez,transferencia bancaria,241000,16000,257000,2,5,juego de toallas gris x3 (cant 2); almohada hotelera firme (cant 3),False,False,"wa-hogar-0007-msg-01,wa-hogar-0007-msg-04,wa-hogar-0007-msg-05"
wa-hogar-0008,Santiago Gómez,+57 300 XXX 0008,+57 300 XXX 0008,pedido,confirmado,2026-08-09T14:24:00.000Z,2026-08-09T15:24:19.800Z,60.3,10.0,6,Pereira,Álamos,,,Textiles de Prueba,Santiago Gómez,daviplata,409000,16000,425000,3,6,cobija térmica doble gris (cant 3); juego de sábanas queen blancas (cant 1); tapete de baño verde (cant 2),True,False,"wa-hogar-0008-msg-01,wa-hogar-0008-msg-04,wa-hogar-0008-msg-05"
wa-hogar-0009,Valentina Gómez,+57 300 XXX 0009,+57 300 XXX 0009,pedido,confirmado,2026-08-10T15:27:00.000Z,2026-08-10T16:02:30.000Z,35.5,0.5,7,Barranquilla,El Prado,,,Casa Ficticia,Valentina Gómez,nequi,28000,13000,41000,1,1,cojín decorativo terracota (cant 1),False,True,"wa-hogar-0009-msg-01,wa-hogar-0009-msg-05,wa-hogar-0009-msg-06"
wa-hogar-0010,Andrés Gómez,+57 300 XXX 0010,+57 300 XXX 0010,consulta:politica_devoluciones+consulta_domicilio,sin_pedido,2026-08-11T16:30:00.000Z,2026-08-11T16:55:45.000Z,25.8,3.0,5,,,suba,11000,,,,,,,0,0,,False,False,"wa-hogar-0010-msg-01,wa-hogar-0010-msg-03,wa-hogar-0010-msg-05"
wa-hogar-0011,Camila Gómez,+57 300 XXX 0011,+57 300 XXX 0011,pedido,confirmado,2026-08-12T17:33:00.000Z,2026-08-12T21:16:00.000Z,223.0,180.0,6,Manizales,Palermo,,,Almacén Hogar Ejemplo,Camila Gómez,transferencia bancaria,497000,16000,513000,3,6,cortina blackout 200x220 azul (cant 3); cojín decorativo verde oliva (cant 1); juego de toallas blancas x3 (cant 2),False,False,"wa-hogar-0011-msg-01,wa-hogar-0011-msg-04,wa-hogar-0011-msg-05"
wa-hogar-0012,Julián Gómez,+57 300 XXX 0012,+57 300 XXX 0012,pedido,confirmado,2026-08-13T18:36:00.000Z,2026-08-13T19:37:19.800Z,61.3,0.5,6,Cartagena,Manga,,,Textiles de Prueba,Julián Gómez,daviplata,32000,14000,46000,1,1,tapete de baño verde (cant 1),False,False,"wa-hogar-0012-msg-01,wa-hogar-0012-msg-04,wa-hogar-0012-msg-05"
wa-hogar-0013,Marcela Gómez,+57 300 XXX 0013,+57 300 XXX 0013,pedido,pendiente,2026-08-14T19:39:00.000Z,2026-08-14T22:08:00.000Z,149.0,6.0,6,Medellín,Laureles,,,Casa Ficticia,Marcela Gómez,,423000,12000,435000,2,5,almohada hotelera media (cant 2); cortina blackout 140x220 gris (cant 3),False,False,"wa-hogar-0013-msg-01,wa-hogar-0013-msg-04"
wa-hogar-0014,Nicolás Gómez,+57 300 XXX 0014,+57 300 XXX 0014,pedido,confirmado,2026-08-15T13:42:00.000Z,2026-08-15T15:12:30.000Z,90.5,55.0,6,Ibagué,La Pola,,,Hogar Demo Colombia,Nicolás Gómez,pago contraentrega,378000,16000,394000,3,6,juego de sábanas sencillas estampadas (cant 3); tapete de baño gris (cant 1); protector de colchón doble (cant 2),False,False,"wa-hogar-0014-msg-01,wa-hogar-0014-msg-04,wa-hogar-0014-msg-05"
wa-hogar-0015,Paola Gómez,+57 300 XXX 0015,+57 300 XXX 0015,consulta:politica_devoluciones,sin_pedido,2026-08-16T14:45:00.000Z,2026-08-16T15:06:15.000Z,21.2,0.5,5,,,,,,,,,,,0,0,,False,False,"wa-hogar-0015-msg-01,wa-hogar-0015-msg-05"
wa-hogar-0016,Sebastián Gómez,+57 300 XXX 0016,+57 300 XXX 0016,pedido,confirmado,2026-08-17T15:48:00.000Z,2026-08-17T16:48:19.800Z,60.3,9.0,6,Cali,San Fernando,,,Textiles de Prueba,Sebastián Gómez,daviplata,412000,13000,425000,2,5,cobija térmica sencilla azul (cant 2); juego de sábanas doble algodón (cant 3),True,False,"wa-hogar-0016-msg-01,wa-hogar-0016-msg-04,wa-hogar-0016-msg-05"
wa-hogar-0017,Tatiana Gómez,+57 300 XXX 0017,+57 300 XXX 0017,pedido,cancelado,2026-08-18T16:51:00.000Z,2026-08-18T17:33:00.000Z,42.0,10.0,6,Santa Marta,Bavaria,,,Casa Ficticia,Tatiana Gómez,,224000,18000,242000,3,6,cojín decorativo crema (cant 3); juego de toallas gris x3 (cant 1); almohada hotelera firme (cant 2),False,False,"wa-hogar-0017-msg-01,wa-hogar-0017-msg-04"
wa-hogar-0018,Daniel Gómez,+57 300 XXX 0018,+57 300 XXX 0018,pedido,confirmado,2026-08-19T17:54:00.000Z,2026-08-19T18:53:00.000Z,59.0,0.5,7,Pereira,Álamos,,,Hogar Demo Colombia,Daniel Gómez,pago contraentrega,56000,12000,68000,1,1,protector de colchón doble (cant 1),False,True,"wa-hogar-0018-msg-01,wa-hogar-0018-msg-05,wa-hogar-0018-msg-06"
wa-hogar-0019,Gabriela Gómez,+57 300 XXX 0019,+57 300 XXX 0019,pedido,confirmado,2026-08-20T18:57:00.000Z,2026-08-20T19:40:00.000Z,43.0,3.0,6,Barranquilla,El Prado,,,Almacén Hogar Ejemplo,Gabriela Gómez,transferencia bancaria,314000,15000,329000,2,5,cortina blackout 140x220 beige (cant 2); cojín decorativo terracota (cant 3),False,False,"wa-hogar-0019-msg-01,wa-hogar-0019-msg-04,wa-hogar-0019-msg-05"
wa-hogar-0020,Ricardo Gómez,+57 300 XXX 0020,+57 300 XXX 0020,consulta:politica_devoluciones+consulta_domicilio,sin_pedido,2026-08-21T19:00:00.000Z,2026-08-21T19:06:04.800Z,6.1,4.0,5,,,suba,13000,,,,,,,0,0,,False,False,"wa-hogar-0020-msg-01,wa-hogar-0020-msg-03,wa-hogar-0020-msg-05"
wa-hogar-0021,Ana Rodríguez,+57 300 XXX 0021,+57 300 XXX 0021,pedido,confirmado,2026-08-22T13:03:00.000Z,2026-08-22T14:26:00.000Z,83.0,55.0,6,Manizales,Palermo,,,Casa Ficticia,Ana Rodríguez,nequi,39000,12000,51000,1,1,almohada hotelera firme (cant 1),False,False,"wa-hogar-0021-msg-01,wa-hogar-0021-msg-04,wa-hogar-0021-msg-05"
wa-hogar-0022,Carlos Rodríguez,+57 300 XXX 0022,+57 300 XXX 0022,pedido,confirmado,2026-08-23T14:06:00.000Z,2026-08-23T17:30:30.000Z,204.5,180.0,6,Cartagena,Manga,,,Hogar Demo Colombia,Carlos Rodríguez,pago contraentrega,252000,16000,268000,2,5,juego de sábanas queen blancas (cant 2); tapete de baño verde (cant 3),False,False,"wa-hogar-0022-msg-01,wa-hogar-0022-msg-04,wa-hogar-0022-msg-05"
wa-hogar-0023,Diana Rodríguez,+57 300 XXX 0023,+57 300 XXX 0023,pedido,confirmado,2026-08-24T15:09:00.000Z,2026-08-24T15:52:00.000Z,43.0,7.0,6,Medellín,Laureles,,,Almacén Hogar Ejemplo,Diana Rodríguez,transferencia bancaria,455000,14000,469000,3,6,juego de toallas arena x2 (cant 3); almohada hotelera media (cant 1); cortina blackout 140x220 gris (cant 2),False,False,"wa-hogar-0023-msg-01,wa-hogar-0023-msg-04,wa-hogar-0023-msg-05"
wa-hogar-0024,Felipe Rodríguez,+57 300 XXX 0024,+57 300 XXX 0024,pedido,confirmado,2026-08-25T16:12:00.000Z,2026-08-25T17:39:49.800Z,87.8,0.5,6,Ibagué,La Pola,,,Textiles de Prueba,Felipe Rodríguez,daviplata,89000,12000,101000,1,1,cobija térmica queen beige (cant 1),True,False,"wa-hogar-0024-msg-01,wa-hogar-0024-msg-04,wa-hogar-0024-msg-05"
wa-hogar-0025,Laura Rodríguez,+57 300 XXX 0025,+57 300 XXX 0025,consulta:politica_devoluciones,sin_pedido,2026-08-26T17:15:00.000Z,2026-08-26T17:32:45.000Z,17.8,9.0,5,,,,,,,,,,,0,0,,False,False,"wa-hogar-0025-msg-01,wa-hogar-0025-msg-05"
wa-hogar-0026,Mateo Rodríguez,+57 300 XXX 0026,+57 300 XXX 0026,pedido,pendiente,2026-08-27T18:18:00.000Z,2026-08-27T20:38:30.000Z,140.5,10.0,6,Cali,San Fernando,,,Hogar Demo Colombia,Mateo Rodríguez,,413000,15000,428000,3,6,protector de colchón sencillo (cant 3); cobija térmica queen beige (cant 1); juego de sábanas doble algodón (cant 2),False,False,"wa-hogar-0026-msg-01,wa-hogar-0026-msg-04"
wa-hogar-0027,Natalia Rodríguez,+57 300 XXX 0027,+57 300 XXX 0027,pedido,confirmado,2026-08-28T19:21:00.000Z,2026-08-28T19:53:30.000Z,32.5,0.5,7,Santa Marta,Bavaria,,,Almacén Hogar Ejemplo,Natalia Rodríguez,transferencia bancaria,115000,14000,129000,1,1,cortina blackout 140x220 gris (cant 1),False,True,"wa-hogar-0027-msg-01,wa-hogar-0027-msg-05,wa-hogar-0027-msg-06"
wa-hogar-0028,Santiago Rodríguez,+57 300 XXX 0028,+57 300 XXX 0028,pedido,confirmado,2026-08-01T13:24:00.000Z,2026-08-01T14:44:49.800Z,80.8,55.0,6,Pereira,Álamos,,,Textiles de Prueba,Santiago Rodríguez,daviplata,232000,14000,246000,2,5,tapete de baño gris (cant 2); protector de colchón doble (cant 3),False,False,"wa-hogar-0028-msg-01,wa-hogar-0028-msg-04,wa-hogar-0028-msg-05"
wa-hogar-0029,Valentina Rodríguez,+57 300 XXX 0029,+57 300 XXX 0029,pedido,confirmado,2026-08-02T14:27:00.000Z,2026-08-02T15:11:00.000Z,44.0,4.0,6,Barranquilla,El Prado,,,Casa Ficticia,Valentina Rodríguez,nequi,288000,17000,305000,3,6,almohada hotelera suave (cant 3); cortina blackout 140x220 beige (cant 1); cojín decorativo terracota (cant 2),False,False,"wa-hogar-0029-msg-01,wa-hogar-0029-msg-04,wa-hogar-0029-msg-05"
wa-hogar-0030,Andrés Rodríguez,+57 300 XXX 0030,+57 300 XXX 0030,consulta:politica_devoluciones+consulta_domicilio,sin_pedido,2026-08-03T15:30:00.000Z,2026-08-03T16:23:15.000Z,53.2,0.5,5,,,suba,9000,,,,,,,0,0,,False,False,"wa-hogar-0030-msg-01,wa-hogar-0030-msg-03,wa-hogar-0030-msg-05"
wa-hogar-0031,Camila Rodríguez,+57 300 XXX 0031,+57 300 XXX 0031,pedido,confirmado,2026-08-04T16:33:00.000Z,2026-08-04T17:12:00.000Z,39.0,6.0,6,Manizales,Palermo,,,Almacén Hogar Ejemplo,Camila Rodríguez,transferencia bancaria,241000,14000,255000,2,5,juego de toallas gris x3 (cant 2); almohada hotelera firme (cant 3),False,False,"wa-hogar-0031-msg-01,wa-hogar-0031-msg-04,wa-hogar-0031-msg-05"
wa-hogar-0032,Julián Rodríguez,+57 300 XXX 0032,+57 300 XXX 0032,pedido,confirmado,2026-08-05T17:36:00.000Z,2026-08-05T18:31:19.800Z,55.3,7.0,6,Cartagena,Manga,,,Textiles de Prueba,Julián Rodríguez,daviplata,409000,18000,427000,3,6,cobija térmica doble gris (cant 3); juego de sábanas queen blancas (cant 1); tapete de baño verde (cant 2),True,False,"wa-hogar-0032-msg-01,wa-hogar-0032-msg-04,wa-hogar-0032-msg-05"
wa-hogar-0033,Marcela Rodríguez,+57 300 XXX 0033,+57 300 XXX 0033,pedido,confirmado,2026-08-06T18:39:00.000Z,2026-08-06T22:12:00.000Z,213.0,180.0,6,Medellín,Laureles,,,Casa Ficticia,Marcela Rodríguez,nequi,28000,10000,38000,1,1,cojín decorativo terracota (cant 1),False,False,"wa-hogar-0033-msg-01,wa-hogar-0033-msg-04,wa-hogar-0033-msg-05"
wa-hogar-0034,Nicolás Rodríguez,+57 300 XXX 0034,+57 300 XXX 0034,pedido,cancelado,2026-08-07T19:42:00.000Z,2026-08-07T20:24:30.000Z,42.5,9.0,6,Ibagué,La Pola,,,Hogar Demo Colombia,Nicolás Rodríguez,,379000,14000,393000,2,5,protector de colchón queen (cant 2); cobija térmica doble gris (cant 3),False,False,"wa-hogar-0034-msg-01,wa-hogar-0034-msg-04"
wa-hogar-0035,Paola Rodríguez,+57 300 XXX 0035,+57 300 XXX 0035,consulta:politica_devoluciones,sin_pedido,2026-08-08T13:45:00.000Z,2026-08-08T15:08:45.000Z,83.8,55.0,5,,,,,,,,,,,0,0,,False,False,"wa-hogar-0035-msg-01,wa-hogar-0035-msg-05"
wa-hogar-0036,Sebastián Rodríguez,+57 300 XXX 0036,+57 300 XXX 0036,pedido,confirmado,2026-08-09T14:48:00.000Z,2026-08-09T15:43:19.800Z,55.3,0.5,7,Cali,San Fernando,,,Textiles de Prueba,Sebastián Rodríguez,daviplata,32000,11000,43000,1,1,tapete de baño verde (cant 1),False,True,"wa-hogar-0036-msg-01,wa-hogar-0036-msg-05,wa-hogar-0036-msg-06"
wa-hogar-0037,Tatiana Rodríguez,+57 300 XXX 0037,+57 300 XXX 0037,pedido,confirmado,2026-08-10T15:51:00.000Z,2026-08-10T16:31:00.000Z,40.0,3.0,6,Santa Marta,Bavaria,,,Casa Ficticia,Tatiana Rodríguez,nequi,423000,16000,439000,2,5,almohada hotelera media (cant 2); cortina blackout 140x220 gris (cant 3),False,False,"wa-hogar-0037-msg-01,wa-hogar-0037-msg-04,wa-hogar-0037-msg-05"
wa-hogar-0038,Daniel Rodríguez,+57 300 XXX 0038,+57 300 XXX 0038,pedido,confirmado,2026-08-11T16:54:00.000Z,2026-08-11T17:31:30.000Z,37.5,4.0,6,Pereira,Álamos,,,Hogar Demo Colombia,Daniel Rodríguez,pago contraentrega,378000,16000,394000,3,6,juego de sábanas sencillas estampadas (cant 3); tapete de baño gris (cant 1); protector de colchón doble (cant 2),False,False,"wa-hogar-0038-msg-01,wa-hogar-0038-msg-04,wa-hogar-0038-msg-05"
wa-hogar-0039,Gabriela Rodríguez,+57 300 XXX 0039,+57 300 XXX 0039,pedido,pendiente,2026-08-12T17:57:00.000Z,2026-08-12T20:30:30.000Z,153.5,0.5,6,Barranquilla,El Prado,,,Almacén Hogar Ejemplo,Gabriela Rodríguez,,62000,13000,75000,1,1,juego de toallas blancas x3 (cant 1),False,False,"wa-hogar-0039-msg-01,wa-hogar-0039-msg-04"
wa-hogar-0040,Ricardo Rodríguez,+57 300 XXX 0040,+57 300 XXX 0040,consulta:politica_devoluciones+consulta_domicilio,sin_pedido,2026-08-13T18:00:00.000Z,2026-08-13T18:08:04.800Z,8.1,6.0,5,,,suba,11000,,,,,,,0,0,,False,False,"wa-hogar-0040-msg-01,wa-hogar-0040-msg-03,wa-hogar-0040-msg-05"
wa-hogar-0041,Ana Martínez,+57 300 XXX 0041,+57 300 XXX 0041,pedido,confirmado,2026-08-14T19:03:00.000Z,2026-08-14T19:35:00.000Z,32.0,7.0,6,Manizales,Palermo,,,Casa Ficticia,Ana Martínez,nequi,224000,16000,240000,3,6,cojín decorativo crema (cant 3); juego de toallas gris x3 (cant 1); almohada hotelera firme (cant 2),False,False,"wa-hogar-0041-msg-01,wa-hogar-0041-msg-04,wa-hogar-0041-msg-05"
wa-hogar-0042,Carlos Martínez,+57 300 XXX 0042,+57 300 XXX 0042,pedido,confirmado,2026-08-15T13:06:00.000Z,2026-08-15T15:08:30.000Z,122.5,55.0,6,Cartagena,Manga,,,Hogar Demo Colombia,Carlos Martínez,pago contraentrega,56000,14000,70000,1,1,protector de colchón doble (cant 1),False,False,"wa-hogar-0042-msg-01,wa-hogar-0042-msg-04,wa-hogar-0042-msg-05"
wa-hogar-0043,Diana Martínez,+57 300 XXX 0043,+57 300 XXX 0043,pedido,confirmado,2026-08-16T14:09:00.000Z,2026-08-16T14:51:00.000Z,42.0,9.0,6,Medellín,Laureles,,,Almacén Hogar Ejemplo,Diana Martínez,transferencia bancaria,314000,12000,326000,2,5,cortina blackout 140x220 beige (cant 2); cojín decorativo terracota (cant 3),False,False,"wa-hogar-0043-msg-01,wa-hogar-0043-msg-04,wa-hogar-0043-msg-05"
wa-hogar-0044,Felipe Martínez,+57 300 XXX 0044,+57 300 XXX 0044,pedido,confirmado,2026-08-17T15:12:00.000Z,2026-08-17T18:34:49.800Z,202.8,180.0,6,Ibagué,La Pola,,,Textiles de Prueba,Felipe Martínez,daviplata,330000,16000,346000,3,6,tapete de baño beige (cant 3); protector de colchón queen (cant 1); cobija térmica doble gris (cant 2),False,False,"wa-hogar-0044-msg-01,wa-hogar-0044-msg-04,wa-hogar-0044-msg-05"
wa-hogar-0045,Laura Martínez,+57 300 XXX 0045,+57 300 XXX 0045,consulta:politica_devoluciones,sin_pedido,2026-08-18T16:15:00.000Z,2026-08-18T16:32:15.000Z,17.2,0.5,5,,,,,,,,,,,0,0,,False,False,"wa-hogar-0045-msg-01,wa-hogar-0045-msg-05"
wa-hogar-0046,Mateo Martínez,+57 300 XXX 0046,+57 300 XXX 0046,pedido,confirmado,2026-08-19T17:18:00.000Z,2026-08-19T17:43:30.000Z,25.5,3.0,6,Cali,San Fernando,,,Hogar Demo Colombia,Mateo Martínez,pago contraentrega,252000,13000,265000,2,5,juego de sábanas queen blancas (cant 2); tapete de baño verde (cant 3),False,False,"wa-hogar-0046-msg-01,wa-hogar-0046-msg-04,wa-hogar-0046-msg-05"
wa-hogar-0047,Natalia Martínez,+57 300 XXX 0047,+57 300 XXX 0047,pedido,confirmado,2026-08-20T18:21:00.000Z,2026-08-20T18:59:00.000Z,38.0,4.0,6,Santa Marta,Bavaria,,,Almacén Hogar Ejemplo,Natalia Martínez,transferencia bancaria,455000,18000,473000,3,6,juego de toallas arena x2 (cant 3); almohada hotelera media (cant 1); cortina blackout 140x220 gris (cant 2),False,False,"wa-hogar-0047-msg-01,wa-hogar-0047-msg-04,wa-hogar-0047-msg-05"
wa-hogar-0048,Santiago Martínez,+57 300 XXX 0048,+57 300 XXX 0048,pedido,confirmado,2026-08-21T19:24:00.000Z,2026-08-21T20:45:49.800Z,81.8,0.5,6,Pereira,Álamos,,,Textiles de Prueba,Santiago Martínez,daviplata,89000,12000,101000,1,1,cobija térmica queen beige (cant 1),True,False,"wa-hogar-0048-msg-01,wa-hogar-0048-msg-04,wa-hogar-0048-msg-05"
wa-hogar-0049,Valentina Martínez,+57 300 XXX 0049,+57 300 XXX 0049,pedido,confirmado,2026-08-22T13:27:00.000Z,2026-08-22T14:44:00.000Z,77.0,55.0,6,Barranquilla,El Prado,,,Casa Ficticia,Valentina Martínez,nequi,242000,15000,257000,2,5,cojín decorativo verde oliva (cant 2); juego de toallas blancas x3 (cant 3),False,False,"wa-hogar-0049-msg-01,wa-hogar-0049-msg-04,wa-hogar-0049-msg-05"
wa-hogar-0050,Andrés Martínez,+57 300 XXX 0050,+57 300 XXX 0050,consulta:politica_devoluciones+consulta_domicilio,sin_pedido,2026-08-23T14:30:00.000Z,2026-08-23T14:51:45.000Z,21.8,7.0,5,,,suba,13000,,,,,,,0,0,,False,False,"wa-hogar-0050-msg-01,wa-hogar-0050-msg-03,wa-hogar-0050-msg-05"
wa-hogar-0051,Camila Martínez,+57 300 XXX 0051,+57 300 XXX 0051,pedido,cancelado,2026-08-24T15:33:00.000Z,2026-08-24T16:03:30.000Z,30.5,0.5,6,Manizales,Palermo,,,Almacén Hogar Ejemplo,Camila Martínez,,115000,12000,127000,1,1,cortina blackout 140x220 gris (cant 1),False,False,"wa-hogar-0051-msg-01,wa-hogar-0051-msg-04"
wa-hogar-0052,Julián Martínez,+57 300 XXX 0052,+57 300 XXX 0052,pedido,pendiente,2026-08-25T16:36:00.000Z,2026-08-25T18:58:49.800Z,142.8,9.0,6,Cartagena,Manga,,,Textiles de Prueba,Julián Martínez,,232000,16000,248000,2,5,tapete de baño gris (cant 2); protector de colchón doble (cant 3),False,False,"wa-hogar-0052-msg-01,wa-hogar-0052-msg-04"
wa-hogar-0053,Marcela Martínez,+57 300 XXX 0053,+57 300 XXX 0053,pedido,confirmado,2026-08-26T17:39:00.000Z,2026-08-26T18:27:00.000Z,48.0,10.0,6,Medellín,Laureles,,,Casa Ficticia,Marcela Martínez,nequi,288000,14000,302000,3,6,almohada hotelera suave (cant 3); cortina blackout 140x220 beige (cant 1); cojín decorativo terracota (cant 2),False,False,"wa-hogar-0053-msg-01,wa-hogar-0053-msg-04,wa-hogar-0053-msg-05"
wa-hogar-0054,Nicolás Martínez,+57 300 XXX 0054,+57 300 XXX 0054,pedido,confirmado,2026-08-27T18:42:00.000Z,2026-08-27T19:47:00.000Z,65.0,0.5,7,Ibagué,La Pola,,,Hogar Demo Colombia,Nicolás Martínez,pago contraentrega,78000,12000,90000,1,1,juego de sábanas doble algodón (cant 1),False,True,"wa-hogar-0054-msg-01,wa-hogar-0054-msg-05,wa-hogar-0054-msg-06"
wa-hogar-0055,Paola Martínez,+57 300 XXX 0055,+57 300 XXX 0055,consulta:politica_devoluciones,sin_pedido,2026-08-28T19:45:00.000Z,2026-08-28T23:09:45.000Z,204.8,180.0,5,,,,,,,,,,,0,0,,False,False,"wa-hogar-0055-msg-01,wa-hogar-0055-msg-05"
wa-hogar-0056,Sebastián Martínez,+57 300 XXX 0056,+57 300 XXX 0056,pedido,confirmado,2026-08-01T13:48:00.000Z,2026-08-01T15:44:19.800Z,116.3,55.0,6,Cali,San Fernando,,,Textiles de Prueba,Sebastián Martínez,daviplata,409000,15000,424000,3,6,cobija térmica doble gris (cant 3); juego de sábanas queen blancas (cant 1); tapete de baño verde (cant 2),True,False,"wa-hogar-0056-msg-01,wa-hogar-0056-msg-04,wa-hogar-0056-msg-05"
wa-hogar-0057,Tatiana Martínez,+57 300 XXX 0057,+57 300 XXX 0057,pedido,confirmado,2026-08-02T14:51:00.000Z,2026-08-02T15:37:30.000Z,46.5,0.5,6,Santa Marta,Bavaria,,,Casa Ficticia,Tatiana Martínez,nequi,28000,14000,42000,1,1,cojín decorativo terracota (cant 1),False,False,"wa-hogar-0057-msg-01,wa-hogar-0057-msg-04,wa-hogar-0057-msg-05"
wa-hogar-0058,Daniel Martínez,+57 300 XXX 0058,+57 300 XXX 0058,pedido,confirmado,2026-08-03T15:54:00.000Z,2026-08-03T16:46:30.000Z,52.5,6.0,6,Pereira,Álamos,,,Hogar Demo Colombia,Daniel Martínez,pago contraentrega,379000,14000,393000,2,5,protector de colchón queen (cant 2); cobija térmica doble gris (cant 3),False,False,"wa-hogar-0058-msg-01,wa-hogar-0058-msg-04,wa-hogar-0058-msg-05"
wa-hogar-0059,Gabriela Martínez,+57 300 XXX 0059,+57 300 XXX 0059,pedido,confirmado,2026-08-04T16:57:00.000Z,2026-08-04T17:58:00.000Z,61.0,7.0,6,Barranquilla,El Prado,,,Almacén Hogar Ejemplo,Gabriela Martínez,transferencia bancaria,497000,17000,514000,3,6,cortina blackout 200x220 azul (cant 3); cojín decorativo verde oliva (cant 1); juego de toallas blancas x3 (cant 2),False,False,"wa-hogar-0059-msg-01,wa-hogar-0059-msg-04,wa-hogar-0059-msg-05"
wa-hogar-0060,Ricardo Martínez,+57 300 XXX 0060,+57 300 XXX 0060,consulta:politica_devoluciones+consulta_domicilio,sin_pedido,2026-08-05T17:00:00.000Z,2026-08-05T17:46:34.800Z,46.6,0.5,5,,,suba,9000,,,,,,,0,0,,False,False,"wa-hogar-0060-msg-01,wa-hogar-0060-msg-03,wa-hogar-0060-msg-05"
wa-hogar-0061,Ana López,+57 300 XXX 0061,+57 300 XXX 0061,pedido,confirmado,2026-08-06T18:03:00.000Z,2026-08-06T18:27:00.000Z,24.0,9.0,6,Manizales,Palermo,,,Casa Ficticia,Ana López,nequi,423000,14000,437000,2,5,almohada hotelera media (cant 2); cortina blackout 140x220 gris (cant 3),False,False,"wa-hogar-0061-msg-01,wa-hogar-0061-msg-04,wa-hogar-0061-msg-05"
wa-hogar-0062,Carlos López,+57 300 XXX 0062,+57 300 XXX 0062,pedido,confirmado,2026-08-07T19:06:00.000Z,2026-08-07T19:27:30.000Z,21.5,10.0,6,Cartagena,Manga,,,Hogar Demo Colombia,Carlos López,pago contraentrega,378000,18000,396000,3,6,juego de sábanas sencillas estampadas (cant 3); tapete de baño gris (cant 1); protector de colchón doble (cant 2),False,False,"wa-hogar-0062-msg-01,wa-hogar-0062-msg-04,wa-hogar-0062-msg-05"
wa-hogar-0063,Diana López,+57 300 XXX 0063,+57 300 XXX 0063,pedido,confirmado,2026-08-08T13:09:00.000Z,2026-08-08T14:27:00.000Z,78.0,55.0,7,Medellín,Laureles,,,Almacén Hogar Ejemplo,Diana López,transferencia bancaria,62000,10000,72000,1,1,juego de toallas blancas x3 (cant 1),False,True,"wa-hogar-0063-msg-01,wa-hogar-0063-msg-05,wa-hogar-0063-msg-06"
wa-hogar-0064,Felipe López,+57 300 XXX 0064,+57 300 XXX 0064,pedido,confirmado,2026-08-09T14:12:00.000Z,2026-08-09T14:57:19.800Z,45.3,3.0,6,Ibagué,La Pola,,,Textiles de Prueba,Felipe López,daviplata,412000,14000,426000,2,5,cobija térmica sencilla azul (cant 2); juego de sábanas doble algodón (cant 3),True,False,"wa-hogar-0064-msg-01,wa-hogar-0064-msg-04,wa-hogar-0064-msg-05"
wa-hogar-0065,Laura López,+57 300 XXX 0065,+57 300 XXX 0065,consulta:politica_devoluciones,sin_pedido,2026-08-10T15:15:00.000Z,2026-08-10T17:31:00.000Z,136.0,4.0,5,,,,,,,,,,,0,0,,False,False,"wa-hogar-0065-msg-01,wa-hogar-0065-msg-05"
wa-hogar-0066,Mateo López,+57 300 XXX 0066,+57 300 XXX 0066,pedido,confirmado,2026-08-11T16:18:00.000Z,2026-08-11T20:19:30.000Z,241.5,180.0,6,Cali,San Fernando,,,Hogar Demo Colombia,Mateo López,pago contraentrega,56000,11000,67000,1,1,protector de colchón doble (cant 1),False,False,"wa-hogar-0066-msg-01,wa-hogar-0066-msg-04,wa-hogar-0066-msg-05"
wa-hogar-0067,Natalia López,+57 300 XXX 0067,+57 300 XXX 0067,pedido,confirmado,2026-08-12T17:21:00.000Z,2026-08-12T17:58:00.000Z,37.0,6.0,6,Santa Marta,Bavaria,,,Almacén Hogar Ejemplo,Natalia López,transferencia bancaria,314000,16000,330000,2,5,cortina blackout 140x220 beige (cant 2); cojín decorativo terracota (cant 3),False,False,"wa-hogar-0067-msg-01,wa-hogar-0067-msg-04,wa-hogar-0067-msg-05"
wa-hogar-0068,Santiago López,+57 300 XXX 0068,+57 300 XXX 0068,pedido,cancelado,2026-08-13T18:24:00.000Z,2026-08-13T18:51:49.800Z,27.8,7.0,6,Pereira,Álamos,,,Textiles de Prueba,Santiago López,,330000,16000,346000,3,6,tapete de baño beige (cant 3); protector de colchón queen (cant 1); cobija térmica doble gris (cant 2),False,False,"wa-hogar-0068-msg-01,wa-hogar-0068-msg-04"
wa-hogar-0069,Valentina López,+57 300 XXX 0069,+57 300 XXX 0069,pedido,confirmado,2026-08-14T19:27:00.000Z,2026-08-14T20:06:30.000Z,39.5,0.5,6,Barranquilla,El Prado,,,Casa Ficticia,Valentina López,nequi,39000,13000,52000,1,1,almohada hotelera firme (cant 1),False,False,"wa-hogar-0069-msg-01,wa-hogar-0069-msg-04,wa-hogar-0069-msg-05"
wa-hogar-0070,Andrés López,+57 300 XXX 0070,+57 300 XXX 0070,consulta:politica_devoluciones+consulta_domicilio,sin_pedido,2026-08-15T13:30:00.000Z,2026-08-15T14:47:45.000Z,77.8,55.0,5,,,suba,11000,,,,,,,0,0,,False,False,"wa-hogar-0070-msg-01,wa-hogar-0070-msg-03,wa-hogar-0070-msg-05"
wa-hogar-0071,Camila López,+57 300 XXX 0071,+57 300 XXX 0071,pedido,confirmado,2026-08-16T14:33:00.000Z,2026-08-16T15:30:00.000Z,57.0,10.0,6,Manizales,Palermo,,,Almacén Hogar Ejemplo,Camila López,transferencia bancaria,455000,16000,471000,3,6,juego de toallas arena x2 (cant 3); almohada hotelera media (cant 1); cortina blackout 140x220 gris (cant 2),False,False,"wa-hogar-0071-msg-01,wa-hogar-0071-msg-04,wa-hogar-0071-msg-05"
wa-hogar-0072,Julián López,+57 300 XXX 0072,+57 300 XXX 0072,pedido,confirmado,2026-08-17T15:36:00.000Z,2026-08-17T17:06:49.800Z,90.8,0.5,7,Cartagena,Manga,,,Textiles de Prueba,Julián López,daviplata,89000,14000,103000,1,1,cobija térmica queen beige (cant 1),True,True,"wa-hogar-0072-msg-01,wa-hogar-0072-msg-05,wa-hogar-0072-msg-06"
wa-hogar-0073,Marcela López,+57 300 XXX 0073,+57 300 XXX 0073,pedido,confirmado,2026-08-18T16:39:00.000Z,2026-08-18T17:17:00.000Z,38.0,3.0,6,Medellín,Laureles,,,Casa Ficticia,Marcela López,nequi,242000,12000,254000,2,5,cojín decorativo verde oliva (cant 2); juego de toallas blancas x3 (cant 3),False,False,"wa-hogar-0073-msg-01,wa-hogar-0073-msg-04,wa-hogar-0073-msg-05"
wa-hogar-0074,Nicolás López,+57 300 XXX 0074,+57 300 XXX 0074,pedido,confirmado,2026-08-19T17:42:00.000Z,2026-08-19T18:21:30.000Z,39.5,4.0,6,Ibagué,La Pola,,,Hogar Demo Colombia,Nicolás López,pago contraentrega,413000,16000,429000,3,6,protector de colchón sencillo (cant 3); cobija térmica queen beige (cant 1); juego de sábanas doble algodón (cant 2),False,False,"wa-hogar-0074-msg-01,wa-hogar-0074-msg-04,wa-hogar-0074-msg-05"
wa-hogar-0075,Paola López,+57 300 XXX 0075,+57 300 XXX 0075,consulta:politica_devoluciones,sin_pedido,2026-08-20T18:45:00.000Z,2026-08-20T19:06:15.000Z,21.2,0.5,5,,,,,,,,,,,0,0,,False,False,"wa-hogar-0075-msg-01,wa-hogar-0075-msg-05"
wa-hogar-0076,Sebastián López,+57 300 XXX 0076,+57 300 XXX 0076,pedido,confirmado,2026-08-21T19:48:00.000Z,2026-08-21T20:15:49.800Z,27.8,6.0,6,Cali,San Fernando,,,Textiles de Prueba,Sebastián López,daviplata,232000,13000,245000,2,5,tapete de baño gris (cant 2); protector de colchón doble (cant 3),False,False,"wa-hogar-0076-msg-01,wa-hogar-0076-msg-04,wa-hogar-0076-msg-05"
wa-hogar-0077,Tatiana López,+57 300 XXX 0077,+57 300 XXX 0077,pedido,confirmado,2026-08-22T13:51:00.000Z,2026-08-22T17:27:00.000Z,216.0,180.0,6,Santa Marta,Bavaria,,,Casa Ficticia,Tatiana López,nequi,288000,18000,306000,3,6,almohada hotelera suave (cant 3); cortina blackout 140x220 beige (cant 1); cojín decorativo terracota (cant 2),False,False,"wa-hogar-0077-msg-01,wa-hogar-0077-msg-04,wa-hogar-0077-msg-05"
wa-hogar-0078,Daniel López,+57 300 XXX 0078,+57 300 XXX 0078,pedido,pendiente,2026-08-23T14:54:00.000Z,2026-08-23T17:47:00.000Z,173.0,0.5,6,Pereira,Álamos,,,Hogar Demo Colombia,Daniel López,,78000,12000,90000,1,1,juego de sábanas doble algodón (cant 1),False,False,"wa-hogar-0078-msg-01,wa-hogar-0078-msg-04"
wa-hogar-0079,Gabriela López,+57 300 XXX 0079,+57 300 XXX 0079,pedido,confirmado,2026-08-24T15:57:00.000Z,2026-08-24T16:50:00.000Z,53.0,9.0,6,Barranquilla,El Prado,,,Almacén Hogar Ejemplo,Gabriela López,transferencia bancaria,241000,15000,256000,2,5,juego de toallas gris x3 (cant 2); almohada hotelera firme (cant 3),False,False,"wa-hogar-0079-msg-01,wa-hogar-0079-msg-04,wa-hogar-0079-msg-05"
wa-hogar-0080,Ricardo López,+57 300 XXX 0080,+57 300 XXX 0080,consulta:politica_devoluciones+consulta_domicilio,sin_pedido,2026-08-25T16:00:00.000Z,2026-08-25T16:12:04.800Z,12.1,10.0,5,,,suba,13000,,,,,,,0,0,,False,False,"wa-hogar-0080-msg-01,wa-hogar-0080-msg-03,wa-hogar-0080-msg-05"
wa-hogar-0081,Ana Hernández,+57 300 XXX 0081,+57 300 XXX 0081,pedido,confirmado,2026-08-26T17:03:00.000Z,2026-08-26T17:27:30.000Z,24.5,0.5,7,Manizales,Palermo,,,Casa Ficticia,Ana Hernández,nequi,28000,12000,40000,1,1,cojín decorativo terracota (cant 1),False,True,"wa-hogar-0081-msg-01,wa-hogar-0081-msg-05,wa-hogar-0081-msg-06"
wa-hogar-0082,Carlos Hernández,+57 300 XXX 0082,+57 300 XXX 0082,pedido,confirmado,2026-08-27T18:06:00.000Z,2026-08-27T18:33:30.000Z,27.5,3.0,6,Cartagena,Manga,,,Hogar Demo Colombia,Carlos Hernández,pago contraentrega,379000,16000,395000,2,5,protector de colchón queen (cant 2); cobija térmica doble gris (cant 3),False,False,"wa-hogar-0082-msg-01,wa-hogar-0082-msg-04,wa-hogar-0082-msg-05"
wa-hogar-0083,Diana Hernández,+57 300 XXX 0083,+57 300 XXX 0083,pedido,confirmado,2026-08-28T19:09:00.000Z,2026-08-28T19:45:00.000Z,36.0,4.0,6,Medellín,Laureles,,,Almacén Hogar Ejemplo,Diana Hernández,transferencia bancaria,497000,14000,511000,3,6,cortina blackout 200x220 azul (cant 3); cojín decorativo verde oliva (cant 1); juego de toallas blancas x3 (cant 2),False,False,"wa-hogar-0083-msg-01,wa-hogar-0083-msg-04,wa-hogar-0083-msg-05"
wa-hogar-0084,Felipe Hernández,+57 300 XXX 0084,+57 300 XXX 0084,pedido,confirmado,2026-08-01T13:12:00.000Z,2026-08-01T15:04:49.800Z,112.8,55.0,6,Ibagué,La Pola,,,Textiles de Prueba,Felipe Hernández,daviplata,32000,12000,44000,1,1,tapete de baño verde (cant 1),False,False,"wa-hogar-0084-msg-01,wa-hogar-0084-msg-04,wa-hogar-0084-msg-05"
wa-hogar-0085,Laura Hernández,+57 300 XXX 0085,+57 300 XXX 0085,consulta:politica_devoluciones,sin_pedido,2026-08-02T14:15:00.000Z,2026-08-02T14:29:45.000Z,14.8,6.0,5,,,,,,,,,,,0,0,,False,False,"wa-hogar-0085-msg-01,wa-hogar-0085-msg-05"
wa-hogar-0086,Mateo Hernández,+57 300 XXX 0086,+57 300 XXX 0086,pedido,confirmado,2026-08-03T15:18:00.000Z,2026-08-03T15:49:30.000Z,31.5,7.0,6,Cali,San Fernando,,,Hogar Demo Colombia,Mateo Hernández,pago contraentrega,378000,15000,393000,3,6,juego de sábanas sencillas estampadas (cant 3); tapete de baño gris (cant 1); protector de colchón doble (cant 2),False,False,"wa-hogar-0086-msg-01,wa-hogar-0086-msg-04,wa-hogar-0086-msg-05"
wa-hogar-0087,Natalia Hernández,+57 300 XXX 0087,+57 300 XXX 0087,pedido,confirmado,2026-08-04T16:21:00.000Z,2026-08-04T16:57:30.000Z,36.5,0.5,6,Santa Marta,Bavaria,,,Almacén Hogar Ejemplo,Natalia Hernández,transferencia bancaria,62000,14000,76000,1,1,juego de toallas blancas x3 (cant 1),False,False,"wa-hogar-0087-msg-01,wa-hogar-0087-msg-04,wa-hogar-0087-msg-05"
wa-hogar-0088,Santiago Hernández,+57 300 XXX 0088,+57 300 XXX 0088,pedido,confirmado,2026-08-05T17:24:00.000Z,2026-08-05T21:19:19.800Z,235.3,180.0,6,Pereira,Álamos,,,Textiles de Prueba,Santiago Hernández,daviplata,412000,14000,426000,2,5,cobija térmica sencilla azul (cant 2); juego de sábanas doble algodón (cant 3),True,False,"wa-hogar-0088-msg-01,wa-hogar-0088-msg-04,wa-hogar-0088-msg-05"
wa-hogar-0089,Valentina Hernández,+57 300 XXX 0089,+57 300 XXX 0089,pedido,confirmado,2026-08-06T18:27:00.000Z,2026-08-06T19:13:00.000Z,46.0,10.0,6,Barranquilla,El Prado,,,Casa Ficticia,Valentina Hernández,nequi,224000,17000,241000,3,6,cojín decorativo crema (cant 3); juego de toallas gris x3 (cant 1); almohada hotelera firme (cant 2),False,False,"wa-hogar-0089-msg-01,wa-hogar-0089-msg-04,wa-hogar-0089-msg-05"
wa-hogar-0090,Andrés Hernández,+57 300 XXX 0090,+57 300 XXX 0090,consulta:politica_devoluciones+consulta_domicilio,sin_pedido,2026-08-07T19:30:00.000Z,2026-08-07T20:23:15.000Z,53.2,0.5,5,,,suba,9000,,,,,,,0,0,,False,False,"wa-hogar-0090-msg-01,wa-hogar-0090-msg-03,wa-hogar-0090-msg-05"
wa-hogar-0091,Camila Hernández,+57 300 XXX 0091,+57 300 XXX 0091,pedido,pendiente,2026-08-08T13:33:00.000Z,2026-08-08T16:53:00.000Z,200.0,55.0,6,Manizales,Palermo,,,Almacén Hogar Ejemplo,Camila Hernández,,314000,14000,328000,2,5,cortina blackout 140x220 beige (cant 2); cojín decorativo terracota (cant 3),False,False,"wa-hogar-0091-msg-01,wa-hogar-0091-msg-04"
wa-hogar-0092,Julián Hernández,+57 300 XXX 0092,+57 300 XXX 0092,pedido,confirmado,2026-08-09T14:36:00.000Z,2026-08-09T14:58:49.800Z,22.8,4.0,6,Cartagena,Manga,,,Textiles de Prueba,Julián Hernández,daviplata,330000,18000,348000,3,6,tapete de baño beige (cant 3); protector de colchón queen (cant 1); cobija térmica doble gris (cant 2),False,False,"wa-hogar-0092-msg-01,wa-hogar-0092-msg-04,wa-hogar-0092-msg-05"
wa-hogar-0093,Marcela Hernández,+57 300 XXX 0093,+57 300 XXX 0093,pedido,confirmado,2026-08-10T15:39:00.000Z,2026-08-10T16:16:30.000Z,37.5,0.5,6,Medellín,Laureles,,,Casa Ficticia,Marcela Hernández,nequi,39000,10000,49000,1,1,almohada hotelera firme (cant 1),False,False,"wa-hogar-0093-msg-01,wa-hogar-0093-msg-04,wa-hogar-0093-msg-05"
wa-hogar-0094,Nicolás Hernández,+57 300 XXX 0094,+57 300 XXX 0094,pedido,confirmado,2026-08-11T16:42:00.000Z,2026-08-11T17:21:30.000Z,39.5,6.0,6,Ibagué,La Pola,,,Hogar Demo Colombia,Nicolás Hernández,pago contraentrega,252000,14000,266000,2,5,juego de sábanas queen blancas (cant 2); tapete de baño verde (cant 3),False,False,"wa-hogar-0094-msg-01,wa-hogar-0094-msg-04,wa-hogar-0094-msg-05"
wa-hogar-0095,Paola Hernández,+57 300 XXX 0095,+57 300 XXX 0095,consulta:politica_devoluciones,sin_pedido,2026-08-12T17:45:00.000Z,2026-08-12T18:20:45.000Z,35.8,7.0,5,,,,,,,,,,,0,0,,False,False,"wa-hogar-0095-msg-01,wa-hogar-0095-msg-05"
wa-hogar-0096,Sebastián Hernández,+57 300 XXX 0096,+57 300 XXX 0096,pedido,confirmado,2026-08-13T18:48:00.000Z,2026-08-13T20:12:49.800Z,84.8,0.5,6,Cali,San Fernando,,,Textiles de Prueba,Sebastián Hernández,daviplata,89000,11000,100000,1,1,cobija térmica queen beige (cant 1),True,False,"wa-hogar-0096-msg-01,wa-hogar-0096-msg-04,wa-hogar-0096-msg-05"
wa-hogar-0097,Tatiana Hernández,+57 300 XXX 0097,+57 300 XXX 0097,pedido,confirmado,2026-08-14T19:51:00.000Z,2026-08-14T20:33:00.000Z,42.0,9.0,6,Santa Marta,Bavaria,,,Casa Ficticia,Tatiana Hernández,nequi,242000,16000,258000,2,5,cojín decorativo verde oliva (cant 2); juego de toallas blancas x3 (cant 3),False,False,"wa-hogar-0097-msg-01,wa-hogar-0097-msg-04,wa-hogar-0097-msg-05"
wa-hogar-0098,Daniel Hernández,+57 300 XXX 0098,+57 300 XXX 0098,pedido,confirmado,2026-08-15T13:54:00.000Z,2026-08-15T15:22:30.000Z,88.5,55.0,6,Pereira,Álamos,,,Hogar Demo Colombia,Daniel Hernández,pago contraentrega,413000,16000,429000,3,6,protector de colchón sencillo (cant 3); cobija térmica queen beige (cant 1); juego de sábanas doble algodón (cant 2),False,False,"wa-hogar-0098-msg-01,wa-hogar-0098-msg-04,wa-hogar-0098-msg-05"
wa-hogar-0099,Gabriela Hernández,+57 300 XXX 0099,+57 300 XXX 0099,pedido,confirmado,2026-08-16T14:57:00.000Z,2026-08-16T18:38:00.000Z,221.0,180.0,7,Barranquilla,El Prado,,,Almacén Hogar Ejemplo,Gabriela Hernández,transferencia bancaria,115000,13000,128000,1,1,cortina blackout 140x220 gris (cant 1),False,True,"wa-hogar-0099-msg-01,wa-hogar-0099-msg-05,wa-hogar-0099-msg-06"
wa-hogar-0100,Ricardo Hernández,+57 300 XXX 0100,+57 300 XXX 0100,consulta:politica_devoluciones+consulta_domicilio,sin_pedido,2026-08-17T15:00:00.000Z,2026-08-17T15:05:04.800Z,5.1,3.0,5,,,suba,11000,,,,,,,0,0,,False,False,"wa-hogar-0100-msg-01,wa-hogar-0100-msg-03,wa-hogar-0100-msg-05"
wa-hogar-0101,Ana Ramírez,+57 300 XXX 0101,+57 300 XXX 0101,pedido,confirmado,2026-08-18T16:03:00.000Z,2026-08-18T16:36:00.000Z,33.0,4.0,6,Manizales,Palermo,,,Casa Ficticia,Ana Ramírez,nequi,288000,16000,304000,3,6,almohada hotelera suave (cant 3); cortina blackout 140x220 beige (cant 1); cojín decorativo terracota (cant 2),False,False,"wa-hogar-0101-msg-01,wa-hogar-0101-msg-04,wa-hogar-0101-msg-05"
wa-hogar-0102,Carlos Ramírez,+57 300 XXX 0102,+57 300 XXX 0102,pedido,cancelado,2026-08-19T17:06:00.000Z,2026-08-19T18:14:00.000Z,68.0,0.5,6,Cartagena,Manga,,,Hogar Demo Colombia,Carlos Ramírez,,78000,14000,92000,1,1,juego de sábanas doble algodón (cant 1),False,False,"wa-hogar-0102-msg-01,wa-hogar-0102-msg-04"
wa-hogar-0103,Diana Ramírez,+57 300 XXX 0103,+57 300 XXX 0103,pedido,confirmado,2026-08-20T18:09:00.000Z,2026-08-20T18:52:00.000Z,43.0,6.0,6,Medellín,Laureles,,,Almacén Hogar Ejemplo,Diana Ramírez,transferencia bancaria,241000,12000,253000,2,5,juego de toallas gris x3 (cant 2); almohada hotelera firme (cant 3),False,False,"wa-hogar-0103-msg-01,wa-hogar-0103-msg-04,wa-hogar-0103-msg-05"
wa-hogar-0104,Felipe Ramírez,+57 300 XXX 0104,+57 300 XXX 0104,pedido,pendiente,2026-08-21T19:12:00.000Z,2026-08-21T21:54:19.800Z,162.3,7.0,6,Ibagué,La Pola,,,Textiles de Prueba,Felipe Ramírez,,409000,16000,425000,3,6,cobija térmica doble gris (cant 3); juego de sábanas queen blancas (cant 1); tapete de baño verde (cant 2),True,False,"wa-hogar-0104-msg-01,wa-hogar-0104-msg-04"
wa-hogar-0105,Laura Ramírez,+57 300 XXX 0105,+57 300 XXX 0105,consulta:politica_devoluciones,sin_pedido,2026-08-22T13:15:00.000Z,2026-08-22T14:26:45.000Z,71.8,55.0,5,,,,,,,,,,,0,0,,False,False,"wa-hogar-0105-msg-01,wa-hogar-0105-msg-05"
wa-hogar-0106,Mateo Ramírez,+57 300 XXX 0106,+57 300 XXX 0106,pedido,confirmado,2026-08-23T14:18:00.000Z,2026-08-23T14:49:30.000Z,31.5,9.0,6,Cali,San Fernando,,,Hogar Demo Colombia,Mateo Ramírez,pago contraentrega,379000,13000,392000,2,5,protector de colchón queen (cant 2); cobija térmica doble gris (cant 3),False,False,"wa-hogar-0106-msg-01,wa-hogar-0106-msg-04,wa-hogar-0106-msg-05"
wa-hogar-0107,Natalia Ramírez,+57 300 XXX 0107,+57 300 XXX 0107,pedido,confirmado,2026-08-24T15:21:00.000Z,2026-08-24T16:01:00.000Z,40.0,10.0,6,Santa Marta,Bavaria,,,Almacén Hogar Ejemplo,Natalia Ramírez,transferencia bancaria,497000,18000,515000,3,6,cortina blackout 200x220 azul (cant 3); cojín decorativo verde oliva (cant 1); juego de toallas blancas x3 (cant 2),False,False,"wa-hogar-0107-msg-01,wa-hogar-0107-msg-04,wa-hogar-0107-msg-05"
wa-hogar-0108,Santiago Ramírez,+57 300 XXX 0108,+57 300 XXX 0108,pedido,confirmado,2026-08-25T16:24:00.000Z,2026-08-25T17:16:19.800Z,52.3,0.5,7,Pereira,Álamos,,,Textiles de Prueba,Santiago Ramírez,daviplata,32000,12000,44000,1,1,tapete de baño verde (cant 1),False,True,"wa-hogar-0108-msg-01,wa-hogar-0108-msg-05,wa-hogar-0108-msg-06"
wa-hogar-0109,Valentina Ramírez,+57 300 XXX 0109,+57 300 XXX 0109,pedido,confirmado,2026-08-26T17:27:00.000Z,2026-08-26T17:56:00.000Z,29.0,3.0,6,Barranquilla,El Prado,,,Casa Ficticia,Valentina Ramírez,nequi,423000,15000,438000,2,5,almohada hotelera media (cant 2); cortina blackout 140x220 gris (cant 3),False,False,"wa-hogar-0109-msg-01,wa-hogar-0109-msg-04,wa-hogar-0109-msg-05"
wa-hogar-0110,Andrés Ramírez,+57 300 XXX 0110,+57 300 XXX 0110,consulta:politica_devoluciones+consulta_domicilio,sin_pedido,2026-08-27T18:30:00.000Z,2026-08-27T21:44:45.000Z,194.8,180.0,5,,,suba,13000,,,,,,,0,0,,False,False,"wa-hogar-0110-msg-01,wa-hogar-0110-msg-03,wa-hogar-0110-msg-05"
wa-hogar-0111,Camila Ramírez,+57 300 XXX 0111,+57 300 XXX 0111,pedido,confirmado,2026-08-28T19:33:00.000Z,2026-08-28T20:07:30.000Z,34.5,0.5,6,Manizales,Palermo,,,Almacén Hogar Ejemplo,Camila Ramírez,transferencia bancaria,62000,12000,74000,1,1,juego de toallas blancas x3 (cant 1),False,False,"wa-hogar-0111-msg-01,wa-hogar-0111-msg-04,wa-hogar-0111-msg-05"
wa-hogar-0112,Julián Ramírez,+57 300 XXX 0112,+57 300 XXX 0112,pedido,confirmado,2026-08-01T13:36:00.000Z,2026-08-01T15:24:19.800Z,108.3,55.0,6,Cartagena,Manga,,,Textiles de Prueba,Julián Ramírez,daviplata,412000,16000,428000,2,5,cobija térmica sencilla azul (cant 2); juego de sábanas doble algodón (cant 3),True,False,"wa-hogar-0112-msg-01,wa-hogar-0112-msg-04,wa-hogar-0112-msg-05"
wa-hogar-0113,Marcela Ramírez,+57 300 XXX 0113,+57 300 XXX 0113,pedido,confirmado,2026-08-02T14:39:00.000Z,2026-08-02T15:20:00.000Z,41.0,7.0,6,Medellín,Laureles,,,Casa Ficticia,Marcela Ramírez,nequi,224000,14000,238000,3,6,cojín decorativo crema (cant 3); juego de toallas gris x3 (cant 1); almohada hotelera firme (cant 2),False,False,"wa-hogar-0113-msg-01,wa-hogar-0113-msg-04,wa-hogar-0113-msg-05"
wa-hogar-0114,Nicolás Ramírez,+57 300 XXX 0114,+57 300 XXX 0114,pedido,confirmado,2026-08-03T15:42:00.000Z,2026-08-03T16:47:00.000Z,65.0,0.5,6,Ibagué,La Pola,,,Hogar Demo Colombia,Nicolás Ramírez,pago contraentrega,56000,12000,68000,1,1,protector de colchón doble (cant 1),False,False,"wa-hogar-0114-msg-01,wa-hogar-0114-msg-04,wa-hogar-0114-msg-05"
wa-hogar-0115,Paola Ramírez,+57 300 XXX 0115,+57 300 XXX 0115,consulta:politica_devoluciones,sin_pedido,2026-08-04T16:45:00.000Z,2026-08-04T17:18:45.000Z,33.8,9.0,5,,,,,,,,,,,0,0,,False,False,"wa-hogar-0115-msg-01,wa-hogar-0115-msg-05"
wa-hogar-0116,Sebastián Ramírez,+57 300 XXX 0116,+57 300 XXX 0116,pedido,confirmado,2026-08-05T17:48:00.000Z,2026-08-05T18:29:49.800Z,41.8,10.0,6,Cali,San Fernando,,,Textiles de Prueba,Sebastián Ramírez,daviplata,330000,15000,345000,3,6,tapete de baño beige (cant 3); protector de colchón queen (cant 1); cobija térmica doble gris (cant 2),False,False,"wa-hogar-0116-msg-01,wa-hogar-0116-msg-04,wa-hogar-0116-msg-05"
wa-hogar-0117,Tatiana Ramírez,+57 300 XXX 0117,+57 300 XXX 0117,pedido,pendiente,2026-08-06T18:51:00.000Z,2026-08-06T21:26:30.000Z,155.5,0.5,7,Santa Marta,Bavaria,,,Casa Ficticia,Tatiana Ramírez,,39000,14000,53000,1,1,almohada hotelera firme (cant 1),False,True,"wa-hogar-0117-msg-01,wa-hogar-0117-msg-05"
wa-hogar-0118,Daniel Ramírez,+57 300 XXX 0118,+57 300 XXX 0118,pedido,confirmado,2026-08-07T19:54:00.000Z,2026-08-07T20:43:30.000Z,49.5,3.0,6,Pereira,Álamos,,,Hogar Demo Colombia,Daniel Ramírez,pago contraentrega,252000,14000,266000,2,5,juego de sábanas queen blancas (cant 2); tapete de baño verde (cant 3),False,False,"wa-hogar-0118-msg-01,wa-hogar-0118-msg-04,wa-hogar-0118-msg-05"
wa-hogar-0119,Gabriela Ramírez,+57 300 XXX 0119,+57 300 XXX 0119,pedido,cancelado,2026-08-08T13:57:00.000Z,2026-08-08T15:50:00.000Z,113.0,55.0,6,Barranquilla,El Prado,,,Almacén Hogar Ejemplo,Gabriela Ramírez,,455000,17000,472000,3,6,juego de toallas arena x2 (cant 3); almohada hotelera media (cant 1); cortina blackout 140x220 gris (cant 2),False,False,"wa-hogar-0119-msg-01,wa-hogar-0119-msg-04"
wa-hogar-0120,Ricardo Ramírez,+57 300 XXX 0120,+57 300 XXX 0120,consulta:politica_devoluciones+consulta_domicilio,sin_pedido,2026-08-09T14:00:00.000Z,2026-08-09T14:46:34.800Z,46.6,0.5,5,,,suba,9000,,,,,,,0,0,,False,False,"wa-hogar-0120-msg-01,wa-hogar-0120-msg-03,wa-hogar-0120-msg-05"
wa-hogar-0121,Ana Torres,+57 300 XXX 0121,+57 300 XXX 0121,pedido,confirmado,2026-08-10T15:03:00.000Z,2026-08-10T18:14:00.000Z,191.0,180.0,6,Manizales,Palermo,,,Casa Ficticia,Ana Torres,nequi,242000,14000,256000,2,5,cojín decorativo verde oliva (cant 2); juego de toallas blancas x3 (cant 3),False,False,"wa-hogar-0121-msg-01,wa-hogar-0121-msg-04,wa-hogar-0121-msg-05"
wa-hogar-0122,Carlos Torres,+57 300 XXX 0122,+57 300 XXX 0122,pedido,confirmado,2026-08-11T16:06:00.000Z,2026-08-11T16:24:30.000Z,18.5,7.0,6,Cartagena,Manga,,,Hogar Demo Colombia,Carlos Torres,pago contraentrega,413000,18000,431000,3,6,protector de colchón sencillo (cant 3); cobija térmica queen beige (cant 1); juego de sábanas doble algodón (cant 2),False,False,"wa-hogar-0122-msg-01,wa-hogar-0122-msg-04,wa-hogar-0122-msg-05"
wa-hogar-0123,Diana Torres,+57 300 XXX 0123,+57 300 XXX 0123,pedido,confirmado,2026-08-12T17:09:00.000Z,2026-08-12T17:28:30.000Z,19.5,0.5,6,Medellín,Laureles,,,Almacén Hogar Ejemplo,Diana Torres,transferencia bancaria,115000,10000,125000,1,1,cortina blackout 140x220 gris (cant 1),False,False,"wa-hogar-0123-msg-01,wa-hogar-0123-msg-04,wa-hogar-0123-msg-05"
wa-hogar-0124,Felipe Torres,+57 300 XXX 0124,+57 300 XXX 0124,pedido,confirmado,2026-08-13T18:12:00.000Z,2026-08-13T18:33:49.800Z,21.8,9.0,6,Ibagué,La Pola,,,Textiles de Prueba,Felipe Torres,daviplata,232000,14000,246000,2,5,tapete de baño gris (cant 2); protector de colchón doble (cant 3),False,False,"wa-hogar-0124-msg-01,wa-hogar-0124-msg-04,wa-hogar-0124-msg-05"
wa-hogar-0125,Laura Torres,+57 300 XXX 0125,+57 300 XXX 0125,consulta:politica_devoluciones,sin_pedido,2026-08-14T19:15:00.000Z,2026-08-14T19:37:45.000Z,22.8,10.0,5,,,,,,,,,,,0,0,,False,False,"wa-hogar-0125-msg-01,wa-hogar-0125-msg-05"
wa-hogar-0126,Mateo Torres,+57 300 XXX 0126,+57 300 XXX 0126,pedido,confirmado,2026-08-15T13:18:00.000Z,2026-08-15T15:14:30.000Z,116.5,55.0,7,Cali,San Fernando,,,Hogar Demo Colombia,Mateo Torres,pago contraentrega,78000,11000,89000,1,1,juego de sábanas doble algodón (cant 1),False,True,"wa-hogar-0126-msg-01,wa-hogar-0126-msg-05,wa-hogar-0126-msg-06"
wa-hogar-0127,Natalia Torres,+57 300 XXX 0127,+57 300 XXX 0127,pedido,confirmado,2026-08-16T14:21:00.000Z,2026-08-16T14:59:00.000Z,38.0,3.0,6,Santa Marta,Bavaria,,,Almacén Hogar Ejemplo,Natalia Torres,transferencia bancaria,241000,16000,257000,2,5,juego de toallas gris x3 (cant 2); almohada hotelera firme (cant 3),False,False,"wa-hogar-0127-msg-01,wa-hogar-0127-msg-04,wa-hogar-0127-msg-05"
wa-hogar-0128,Santiago Torres,+57 300 XXX 0128,+57 300 XXX 0128,pedido,confirmado,2026-08-17T15:24:00.000Z,2026-08-17T16:18:19.800Z,54.3,4.0,6,Pereira,Álamos,,,Textiles de Prueba,Santiago Torres,daviplata,409000,16000,425000,3,6,cobija térmica doble gris (cant 3); juego de sábanas queen blancas (cant 1); tapete de baño verde (cant 2),True,False,"wa-hogar-0128-msg-01,wa-hogar-0128-msg-04,wa-hogar-0128-msg-05"
wa-hogar-0129,Valentina Torres,+57 300 XXX 0129,+57 300 XXX 0129,pedido,confirmado,2026-08-18T16:27:00.000Z,2026-08-18T17:02:30.000Z,35.5,0.5,6,Barranquilla,El Prado,,,Casa Ficticia,Valentina Torres,nequi,28000,13000,41000,1,1,cojín decorativo terracota (cant 1),False,False,"wa-hogar-0129-msg-01,wa-hogar-0129-msg-04,wa-hogar-0129-msg-05"
wa-hogar-0130,Andrés Torres,+57 300 XXX 0130,+57 300 XXX 0130,consulta:politica_devoluciones+consulta_domicilio,sin_pedido,2026-08-19T17:30:00.000Z,2026-08-19T19:58:00.000Z,148.0,6.0,5,,,suba,11000,,,,,,,0,0,,False,False,"wa-hogar-0130-msg-01,wa-hogar-0130-msg-03,wa-hogar-0130-msg-05"
wa-hogar-0131,Camila Torres,+57 300 XXX 0131,+57 300 XXX 0131,pedido,confirmado,2026-08-20T18:33:00.000Z,2026-08-20T19:23:00.000Z,50.0,7.0,6,Manizales,Palermo,,,Almacén Hogar Ejemplo,Camila Torres,transferencia bancaria,497000,16000,513000,3,6,cortina blackout 200x220 azul (cant 3); cojín decorativo verde oliva (cant 1); juego de toallas blancas x3 (cant 2),False,False,"wa-hogar-0131-msg-01,wa-hogar-0131-msg-04,wa-hogar-0131-msg-05"
wa-hogar-0132,Julián Torres,+57 300 XXX 0132,+57 300 XXX 0132,pedido,confirmado,2026-08-21T19:36:00.000Z,2026-08-21T23:36:49.800Z,240.8,180.0,6,Cartagena,Manga,,,Textiles de Prueba,Julián Torres,daviplata,32000,14000,46000,1,1,tapete de baño verde (cant 1),False,False,"wa-hogar-0132-msg-01,wa-hogar-0132-msg-04,wa-hogar-0132-msg-05"
wa-hogar-0133,Marcela Torres,+57 300 XXX 0133,+57 300 XXX 0133,pedido,confirmado,2026-08-22T13:39:00.000Z,2026-08-22T15:13:00.000Z,94.0,55.0,6,Medellín,Laureles,,,Casa Ficticia,Marcela Torres,nequi,423000,12000,435000,2,5,almohada hotelera media (cant 2); cortina blackout 140x220 gris (cant 3),False,False,"wa-hogar-0133-msg-01,wa-hogar-0133-msg-04,wa-hogar-0133-msg-05"
wa-hogar-0134,Nicolás Torres,+57 300 XXX 0134,+57 300 XXX 0134,pedido,confirmado,2026-08-23T14:42:00.000Z,2026-08-23T15:27:30.000Z,45.5,10.0,6,Ibagué,La Pola,,,Hogar Demo Colombia,Nicolás Torres,pago contraentrega,378000,16000,394000,3,6,juego de sábanas sencillas estampadas (cant 3); tapete de baño gris (cant 1); protector de colchón doble (cant 2),False,False,"wa-hogar-0134-msg-01,wa-hogar-0134-msg-04,wa-hogar-0134-msg-05"
wa-hogar-0135,Paola Torres,+57 300 XXX 0135,+57 300 XXX 0135,consulta:politica_devoluciones,sin_pedido,2026-08-24T15:45:00.000Z,2026-08-24T16:06:15.000Z,21.2,0.5,5,,,,,,,,,,,0,0,,False,False,"wa-hogar-0135-msg-01,wa-hogar-0135-msg-05"
wa-hogar-0136,Sebastián Torres,+57 300 XXX 0136,+57 300 XXX 0136,pedido,cancelado,2026-08-25T16:48:00.000Z,2026-08-25T17:42:19.800Z,54.3,3.0,6,Cali,San Fernando,,,Textiles de Prueba,Sebastián Torres,,412000,13000,425000,2,5,cobija térmica sencilla azul (cant 2); juego de sábanas doble algodón (cant 3),True,False,"wa-hogar-0136-msg-01,wa-hogar-0136-msg-04"
wa-hogar-0137,Tatiana Torres,+57 300 XXX 0137,+57 300 XXX 0137,pedido,confirmado,2026-08-26T17:51:00.000Z,2026-08-26T18:27:00.000Z,36.0,4.0,6,Santa Marta,Bavaria,,,Casa Ficticia,Tatiana Torres,nequi,224000,18000,242000,3,6,cojín decorativo crema (cant 3); juego de toallas gris x3 (cant 1); almohada hotelera firme (cant 2),False,False,"wa-hogar-0137-msg-01,wa-hogar-0137-msg-04,wa-hogar-0137-msg-05"
wa-hogar-0138,Daniel Torres,+57 300 XXX 0138,+57 300 XXX 0138,pedido,confirmado,2026-08-27T18:54:00.000Z,2026-08-27T19:53:00.000Z,59.0,0.5,6,Pereira,Álamos,,,Hogar Demo Colombia,Daniel Torres,pago contraentrega,56000,12000,68000,1,1,protector de colchón doble (cant 1),False,False,"wa-hogar-0138-msg-01,wa-hogar-0138-msg-04,wa-hogar-0138-msg-05"
wa-hogar-0139,Gabriela Torres,+57 300 XXX 0139,+57 300 XXX 0139,pedido,confirmado,2026-08-28T19:57:00.000Z,2026-08-28T20:43:00.000Z,46.0,6.0,6,Barranquilla,El Prado,,,Almacén Hogar Ejemplo,Gabriela Torres,transferencia bancaria,314000,15000,329000,2,5,cortina blackout 140x220 beige (cant 2); cojín decorativo terracota (cant 3),False,False,"wa-hogar-0139-msg-01,wa-hogar-0139-msg-04,wa-hogar-0139-msg-05"
wa-hogar-0140,Ricardo Torres,+57 300 XXX 0140,+57 300 XXX 0140,consulta:politica_devoluciones+consulta_domicilio,sin_pedido,2026-08-01T13:00:00.000Z,2026-08-01T13:57:04.800Z,57.1,55.0,5,,,suba,13000,,,,,,,0,0,,False,False,"wa-hogar-0140-msg-01,wa-hogar-0140-msg-03,wa-hogar-0140-msg-05"
wa-hogar-0141,Ana Vargas,+57 300 XXX 0141,+57 300 XXX 0141,pedido,confirmado,2026-08-02T14:03:00.000Z,2026-08-02T14:31:30.000Z,28.5,0.5,6,Manizales,Palermo,,,Casa Ficticia,Ana Vargas,nequi,39000,12000,51000,1,1,almohada hotelera firme (cant 1),False,False,"wa-hogar-0141-msg-01,wa-hogar-0141-msg-04,wa-hogar-0141-msg-05"
wa-hogar-0142,Carlos Vargas,+57 300 XXX 0142,+57 300 XXX 0142,pedido,confirmado,2026-08-03T15:06:00.000Z,2026-08-03T15:39:30.000Z,33.5,9.0,6,Cartagena,Manga,,,Hogar Demo Colombia,Carlos Vargas,pago contraentrega,252000,16000,268000,2,5,juego de sábanas queen blancas (cant 2); tapete de baño verde (cant 3),False,False,"wa-hogar-0142-msg-01,wa-hogar-0142-msg-04,wa-hogar-0142-msg-05"
wa-hogar-0143,Diana Vargas,+57 300 XXX 0143,+57 300 XXX 0143,pedido,pendiente,2026-08-04T16:09:00.000Z,2026-08-04T21:34:00.000Z,325.0,180.0,6,Medellín,Laureles,,,Almacén Hogar Ejemplo,Diana Vargas,,455000,14000,469000,3,6,juego de toallas arena x2 (cant 3); almohada hotelera media (cant 1); cortina blackout 140x220 gris (cant 2),False,False,"wa-hogar-0143-msg-01,wa-hogar-0143-msg-04"
wa-hogar-0144,Felipe Vargas,+57 300 XXX 0144,+57 300 XXX 0144,pedido,confirmado,2026-08-05T17:12:00.000Z,2026-08-05T18:39:49.800Z,87.8,0.5,7,Ibagué,La Pola,,,Textiles de Prueba,Felipe Vargas,daviplata,89000,12000,101000,1,1,cobija térmica queen beige (cant 1),True,True,"wa-hogar-0144-msg-01,wa-hogar-0144-msg-05,wa-hogar-0144-msg-06"
wa-hogar-0145,Laura Vargas,+57 300 XXX 0145,+57 300 XXX 0145,consulta:politica_devoluciones,sin_pedido,2026-08-06T18:15:00.000Z,2026-08-06T18:26:45.000Z,11.8,3.0,5,,,,,,,,,,,0,0,,False,False,"wa-hogar-0145-msg-01,wa-hogar-0145-msg-05"
wa-hogar-0146,Mateo Vargas,+57 300 XXX 0146,+57 300 XXX 0146,pedido,confirmado,2026-08-07T19:18:00.000Z,2026-08-07T19:46:30.000Z,28.5,4.0,6,Cali,San Fernando,,,Hogar Demo Colombia,Mateo Vargas,pago contraentrega,413000,15000,428000,3,6,protector de colchón sencillo (cant 3); cobija térmica queen beige (cant 1); juego de sábanas doble algodón (cant 2),False,False,"wa-hogar-0146-msg-01,wa-hogar-0146-msg-04,wa-hogar-0146-msg-05"
wa-hogar-0147,Natalia Vargas,+57 300 XXX 0147,+57 300 XXX 0147,pedido,confirmado,2026-08-08T13:21:00.000Z,2026-08-08T14:48:00.000Z,87.0,55.0,6,Santa Marta,Bavaria,,,Almacén Hogar Ejemplo,Natalia Vargas,transferencia bancaria,115000,14000,129000,1,1,cortina blackout 140x220 gris (cant 1),False,False,"wa-hogar-0147-msg-01,wa-hogar-0147-msg-04,wa-hogar-0147-msg-05"
wa-hogar-0148,Santiago Vargas,+57 300 XXX 0148,+57 300 XXX 0148,pedido,confirmado,2026-08-09T14:24:00.000Z,2026-08-09T14:55:49.800Z,31.8,6.0,6,Pereira,Álamos,,,Textiles de Prueba,Santiago Vargas,daviplata,232000,14000,246000,2,5,tapete de baño gris (cant 2); protector de colchón doble (cant 3),False,False,"wa-hogar-0148-msg-01,wa-hogar-0148-msg-04,wa-hogar-0148-msg-05"
wa-hogar-0149,Valentina Vargas,+57 300 XXX 0149,+57 300 XXX 0149,pedido,confirmado,2026-08-10T15:27:00.000Z,2026-08-10T16:14:00.000Z,47.0,7.0,6,Barranquilla,El Prado,,,Casa Ficticia,Valentina Vargas,nequi,288000,17000,305000,3,6,almohada hotelera suave (cant 3); cortina blackout 140x220 beige (cant 1); cojín decorativo terracota (cant 2),False,False,"wa-hogar-0149-msg-01,wa-hogar-0149-msg-04,wa-hogar-0149-msg-05"
wa-hogar-0150,Andrés Vargas,+57 300 XXX 0150,+57 300 XXX 0150,consulta:politica_devoluciones+consulta_domicilio,sin_pedido,2026-08-11T16:30:00.000Z,2026-08-11T17:23:15.000Z,53.2,0.5,5,,,suba,9000,,,,,,,0,0,,False,False,"wa-hogar-0150-msg-01,wa-hogar-0150-msg-03,wa-hogar-0150-msg-05"
wa-hogar-0151,Camila Vargas,+57 300 XXX 0151,+57 300 XXX 0151,pedido,confirmado,2026-08-12T17:33:00.000Z,2026-08-12T18:15:00.000Z,42.0,9.0,6,Manizales,Palermo,,,Almacén Hogar Ejemplo,Camila Vargas,transferencia bancaria,241000,14000,255000,2,5,juego de toallas gris x3 (cant 2); almohada hotelera firme (cant 3),False,False,"wa-hogar-0151-msg-01,wa-hogar-0151-msg-04,wa-hogar-0151-msg-05"
wa-hogar-0152,Julián Vargas,+57 300 XXX 0152,+57 300 XXX 0152,pedido,confirmado,2026-08-13T18:36:00.000Z,2026-08-13T19:34:19.800Z,58.3,10.0,6,Cartagena,Manga,,,Textiles de Prueba,Julián Vargas,daviplata,409000,18000,427000,3,6,cobija térmica doble gris (cant 3); juego de sábanas queen blancas (cant 1); tapete de baño verde (cant 2),True,False,"wa-hogar-0152-msg-01,wa-hogar-0152-msg-04,wa-hogar-0152-msg-05"
wa-hogar-0153,Marcela Vargas,+57 300 XXX 0153,+57 300 XXX 0153,pedido,cancelado,2026-08-14T19:39:00.000Z,2026-08-14T20:12:30.000Z,33.5,0.5,7,Medellín,Laureles,,,Casa Ficticia,Marcela Vargas,,28000,10000,38000,1,1,cojín decorativo terracota (cant 1),False,True,"wa-hogar-0153-msg-01,wa-hogar-0153-msg-05"
wa-hogar-0154,Nicolás Vargas,+57 300 XXX 0154,+57 300 XXX 0154,pedido,confirmado,2026-08-15T13:42:00.000Z,2026-08-15T17:15:30.000Z,213.5,180.0,6,Ibagué,La Pola,,,Hogar Demo Colombia,Nicolás Vargas,pago contraentrega,379000,14000,393000,2,5,protector de colchón queen (cant 2); cobija térmica doble gris (cant 3),False,False,"wa-hogar-0154-msg-01,wa-hogar-0154-msg-04,wa-hogar-0154-msg-05"
wa-hogar-0155,Paola Vargas,+57 300 XXX 0155,+57 300 XXX 0155,consulta:politica_devoluciones,sin_pedido,2026-08-16T14:45:00.000Z,2026-08-16T15:17:45.000Z,32.8,4.0,5,,,,,,,,,,,0,0,,False,False,"wa-hogar-0155-msg-01,wa-hogar-0155-msg-05"
wa-hogar-0156,Sebastián Vargas,+57 300 XXX 0156,+57 300 XXX 0156,pedido,pendiente,2026-08-17T15:48:00.000Z,2026-08-17T18:34:19.800Z,166.3,0.5,6,Cali,San Fernando,,,Textiles de Prueba,Sebastián Vargas,,32000,11000,43000,1,1,tapete de baño verde (cant 1),False,False,"wa-hogar-0156-msg-01,wa-hogar-0156-msg-04"
wa-hogar-0157,Tatiana Vargas,+57 300 XXX 0157,+57 300 XXX 0157,pedido,confirmado,2026-08-18T16:51:00.000Z,2026-08-18T17:34:00.000Z,43.0,6.0,6,Santa Marta,Bavaria,,,Casa Ficticia,Tatiana Vargas,nequi,423000,16000,439000,2,5,almohada hotelera media (cant 2); cortina blackout 140x220 gris (cant 3),False,False,"wa-hogar-0157-msg-01,wa-hogar-0157-msg-04,wa-hogar-0157-msg-05"
wa-hogar-0158,Daniel Vargas,+57 300 XXX 0158,+57 300 XXX 0158,pedido,confirmado,2026-08-19T17:54:00.000Z,2026-08-19T18:34:30.000Z,40.5,7.0,6,Pereira,Álamos,,,Hogar Demo Colombia,Daniel Vargas,pago contraentrega,378000,16000,394000,3,6,juego de sábanas sencillas estampadas (cant 3); tapete de baño gris (cant 1); protector de colchón doble (cant 2),False,False,"wa-hogar-0158-msg-01,wa-hogar-0158-msg-04,wa-hogar-0158-msg-05"
wa-hogar-0159,Gabriela Vargas,+57 300 XXX 0159,+57 300 XXX 0159,pedido,confirmado,2026-08-20T18:57:00.000Z,2026-08-20T19:42:30.000Z,45.5,0.5,6,Barranquilla,El Prado,,,Almacén Hogar Ejemplo,Gabriela Vargas,transferencia bancaria,62000,13000,75000,1,1,juego de toallas blancas x3 (cant 1),False,False,"wa-hogar-0159-msg-01,wa-hogar-0159-msg-04,wa-hogar-0159-msg-05"
wa-hogar-0160,Ricardo Vargas,+57 300 XXX 0160,+57 300 XXX 0160,consulta:politica_devoluciones+consulta_domicilio,sin_pedido,2026-08-21T19:00:00.000Z,2026-08-21T19:11:04.800Z,11.1,9.0,5,,,suba,11000,,,,,,,0,0,,False,False,"wa-hogar-0160-msg-01,wa-hogar-0160-msg-03,wa-hogar-0160-msg-05"
wa-hogar-0161,Ana Castro,+57 300 XXX 0161,+57 300 XXX 0161,pedido,confirmado,2026-08-22T13:03:00.000Z,2026-08-22T14:23:00.000Z,80.0,55.0,6,Manizales,Palermo,,,Casa Ficticia,Ana Castro,nequi,224000,16000,240000,3,6,cojín decorativo crema (cant 3); juego de toallas gris x3 (cant 1); almohada hotelera firme (cant 2),False,False,"wa-hogar-0161-msg-01,wa-hogar-0161-msg-04,wa-hogar-0161-msg-05"
wa-hogar-0162,Carlos Castro,+57 300 XXX 0162,+57 300 XXX 0162,pedido,confirmado,2026-08-23T14:06:00.000Z,2026-08-23T15:14:00.000Z,68.0,0.5,7,Cartagena,Manga,,,Hogar Demo Colombia,Carlos Castro,pago contraentrega,56000,14000,70000,1,1,protector de colchón doble (cant 1),False,True,"wa-hogar-0162-msg-01,wa-hogar-0162-msg-05,wa-hogar-0162-msg-06"
wa-hogar-0163,Diana Castro,+57 300 XXX 0163,+57 300 XXX 0163,pedido,confirmado,2026-08-24T15:09:00.000Z,2026-08-24T15:45:00.000Z,36.0,3.0,6,Medellín,Laureles,,,Almacén Hogar Ejemplo,Diana Castro,transferencia bancaria,314000,12000,326000,2,5,cortina blackout 140x220 beige (cant 2); cojín decorativo terracota (cant 3),False,False,"wa-hogar-0163-msg-01,wa-hogar-0163-msg-04,wa-hogar-0163-msg-05"
wa-hogar-0164,Felipe Castro,+57 300 XXX 0164,+57 300 XXX 0164,pedido,confirmado,2026-08-25T16:12:00.000Z,2026-08-25T16:38:49.800Z,26.8,4.0,6,Ibagué,La Pola,,,Textiles de Prueba,Felipe Castro,daviplata,330000,16000,346000,3,6,tapete de baño beige (cant 3); protector de colchón queen (cant 1); cobija térmica doble gris (cant 2),False,False,"wa-hogar-0164-msg-01,wa-hogar-0164-msg-04,wa-hogar-0164-msg-05"
wa-hogar-0165,Laura Castro,+57 300 XXX 0165,+57 300 XXX 0165,consulta:politica_devoluciones,sin_pedido,2026-08-26T17:15:00.000Z,2026-08-26T20:31:45.000Z,196.8,180.0,5,,,,,,,,,,,0,0,,False,False,"wa-hogar-0165-msg-01,wa-hogar-0165-msg-05"
wa-hogar-0166,Mateo Castro,+57 300 XXX 0166,+57 300 XXX 0166,pedido,confirmado,2026-08-27T18:18:00.000Z,2026-08-27T18:46:30.000Z,28.5,6.0,6,Cali,San Fernando,,,Hogar Demo Colombia,Mateo Castro,pago contraentrega,252000,13000,265000,2,5,juego de sábanas queen blancas (cant 2); tapete de baño verde (cant 3),False,False,"wa-hogar-0166-msg-01,wa-hogar-0166-msg-04,wa-hogar-0166-msg-05"
wa-hogar-0167,Natalia Castro,+57 300 XXX 0167,+57 300 XXX 0167,pedido,confirmado,2026-08-28T19:21:00.000Z,2026-08-28T20:02:00.000Z,41.0,7.0,6,Santa Marta,Bavaria,,,Almacén Hogar Ejemplo,Natalia Castro,transferencia bancaria,455000,18000,473000,3,6,juego de toallas arena x2 (cant 3); almohada hotelera media (cant 1); cortina blackout 140x220 gris (cant 2),False,False,"wa-hogar-0167-msg-01,wa-hogar-0167-msg-04,wa-hogar-0167-msg-05"
wa-hogar-0168,Santiago Castro,+57 300 XXX 0168,+57 300 XXX 0168,pedido,confirmado,2026-08-01T13:24:00.000Z,2026-08-01T15:40:19.800Z,136.3,55.0,6,Pereira,Álamos,,,Textiles de Prueba,Santiago Castro,daviplata,89000,12000,101000,1,1,cobija térmica queen beige (cant 1),True,False,"wa-hogar-0168-msg-01,wa-hogar-0168-msg-04,wa-hogar-0168-msg-05"
wa-hogar-0169,Valentina Castro,+57 300 XXX 0169,+57 300 XXX 0169,pedido,pendiente,2026-08-02T14:27:00.000Z,2026-08-02T16:51:00.000Z,144.0,9.0,6,Barranquilla,El Prado,,,Casa Ficticia,Valentina Castro,,242000,15000,257000,2,5,cojín decorativo verde oliva (cant 2); juego de toallas blancas x3 (cant 3),False,False,"wa-hogar-0169-msg-01,wa-hogar-0169-msg-04"
wa-hogar-0170,Andrés Castro,+57 300 XXX 0170,+57 300 XXX 0170,consulta:politica_devoluciones+consulta_domicilio,sin_pedido,2026-08-03T15:30:00.000Z,2026-08-03T15:54:45.000Z,24.8,10.0,5,,,suba,13000,,,,,,,0,0,,False,False,"wa-hogar-0170-msg-01,wa-hogar-0170-msg-03,wa-hogar-0170-msg-05"
wa-hogar-0171,Camila Castro,+57 300 XXX 0171,+57 300 XXX 0171,pedido,confirmado,2026-08-04T16:33:00.000Z,2026-08-04T17:03:30.000Z,30.5,0.5,7,Manizales,Palermo,,,Almacén Hogar Ejemplo,Camila Castro,transferencia bancaria,115000,12000,127000,1,1,cortina blackout 140x220 gris (cant 1),False,True,"wa-hogar-0171-msg-01,wa-hogar-0171-msg-05,wa-hogar-0171-msg-06"
wa-hogar-0172,Julián Castro,+57 300 XXX 0172,+57 300 XXX 0172,pedido,confirmado,2026-08-05T17:36:00.000Z,2026-08-05T18:02:49.800Z,26.8,3.0,6,Cartagena,Manga,,,Textiles de Prueba,Julián Castro,daviplata,232000,16000,248000,2,5,tapete de baño gris (cant 2); protector de colchón doble (cant 3),False,False,"wa-hogar-0172-msg-01,wa-hogar-0172-msg-04,wa-hogar-0172-msg-05"
wa-hogar-0173,Marcela Castro,+57 300 XXX 0173,+57 300 XXX 0173,pedido,confirmado,2026-08-06T18:39:00.000Z,2026-08-06T19:21:00.000Z,42.0,4.0,6,Medellín,Laureles,,,Casa Ficticia,Marcela Castro,nequi,288000,14000,302000,3,6,almohada hotelera suave (cant 3); cortina blackout 140x220 beige (cant 1); cojín decorativo terracota (cant 2),False,False,"wa-hogar-0173-msg-01,wa-hogar-0173-msg-04,wa-hogar-0173-msg-05"
wa-hogar-0174,Nicolás Castro,+57 300 XXX 0174,+57 300 XXX 0174,pedido,confirmado,2026-08-07T19:42:00.000Z,2026-08-07T20:47:00.000Z,65.0,0.5,6,Ibagué,La Pola,,,Hogar Demo Colombia,Nicolás Castro,pago contraentrega,78000,12000,90000,1,1,juego de sábanas doble algodón (cant 1),False,False,"wa-hogar-0174-msg-01,wa-hogar-0174-msg-04,wa-hogar-0174-msg-05"
wa-hogar-0175,Paola Castro,+57 300 XXX 0175,+57 300 XXX 0175,consulta:politica_devoluciones,sin_pedido,2026-08-08T13:45:00.000Z,2026-08-08T15:04:45.000Z,79.8,55.0,5,,,,,,,,,,,0,0,,False,False,"wa-hogar-0175-msg-01,wa-hogar-0175-msg-05"
wa-hogar-0176,Sebastián Castro,+57 300 XXX 0176,+57 300 XXX 0176,pedido,confirmado,2026-08-09T14:48:00.000Z,2026-08-09T18:49:19.800Z,241.3,180.0,6,Cali,San Fernando,,,Textiles de Prueba,Sebastián Castro,daviplata,409000,15000,424000,3,6,cobija térmica doble gris (cant 3); juego de sábanas queen blancas (cant 1); tapete de baño verde (cant 2),True,False,"wa-hogar-0176-msg-01,wa-hogar-0176-msg-04,wa-hogar-0176-msg-05"
wa-hogar-0177,Tatiana Castro,+57 300 XXX 0177,+57 300 XXX 0177,pedido,confirmado,2026-08-10T15:51:00.000Z,2026-08-10T16:37:30.000Z,46.5,0.5,6,Santa Marta,Bavaria,,,Casa Ficticia,Tatiana Castro,nequi,28000,14000,42000,1,1,cojín decorativo terracota (cant 1),False,False,"wa-hogar-0177-msg-01,wa-hogar-0177-msg-04,wa-hogar-0177-msg-05"
wa-hogar-0178,Daniel Castro,+57 300 XXX 0178,+57 300 XXX 0178,pedido,confirmado,2026-08-11T16:54:00.000Z,2026-08-11T17:49:30.000Z,55.5,9.0,6,Pereira,Álamos,,,Hogar Demo Colombia,Daniel Castro,pago contraentrega,379000,14000,393000,2,5,protector de colchón queen (cant 2); cobija térmica doble gris (cant 3),False,False,"wa-hogar-0178-msg-01,wa-hogar-0178-msg-04,wa-hogar-0178-msg-05"
wa-hogar-0179,Gabriela Castro,+57 300 XXX 0179,+57 300 XXX 0179,pedido,confirmado,2026-08-12T17:57:00.000Z,2026-08-12T19:01:00.000Z,64.0,10.0,6,Barranquilla,El Prado,,,Almacén Hogar Ejemplo,Gabriela Castro,transferencia bancaria,497000,17000,514000,3,6,cortina blackout 200x220 azul (cant 3); cojín decorativo verde oliva (cant 1); juego de toallas blancas x3 (cant 2),False,False,"wa-hogar-0179-msg-01,wa-hogar-0179-msg-04,wa-hogar-0179-msg-05"
wa-hogar-0180,Ricardo Castro,+57 300 XXX 0180,+57 300 XXX 0180,consulta:politica_devoluciones+consulta_domicilio,sin_pedido,2026-08-13T18:00:00.000Z,2026-08-13T18:46:34.800Z,46.6,0.5,5,,,suba,9000,,,,,,,0,0,,False,False,"wa-hogar-0180-msg-01,wa-hogar-0180-msg-03,wa-hogar-0180-msg-05"
wa-hogar-0181,Ana Moreno,+57 300 XXX 0181,+57 300 XXX 0181,pedido,confirmado,2026-08-14T19:03:00.000Z,2026-08-14T19:21:00.000Z,18.0,3.0,6,Manizales,Palermo,,,Casa Ficticia,Ana Moreno,nequi,423000,14000,437000,2,5,almohada hotelera media (cant 2); cortina blackout 140x220 gris (cant 3),False,False,"wa-hogar-0181-msg-01,wa-hogar-0181-msg-04,wa-hogar-0181-msg-05"
wa-hogar-0182,Carlos Moreno,+57 300 XXX 0182,+57 300 XXX 0182,pedido,pendiente,2026-08-15T13:06:00.000Z,2026-08-15T16:07:30.000Z,181.5,55.0,6,Cartagena,Manga,,,Hogar Demo Colombia,Carlos Moreno,,378000,18000,396000,3,6,juego de sábanas sencillas estampadas (cant 3); tapete de baño gris (cant 1); protector de colchón doble (cant 2),False,False,"wa-hogar-0182-msg-01,wa-hogar-0182-msg-04"
wa-hogar-0183,Diana Moreno,+57 300 XXX 0183,+57 300 XXX 0183,pedido,confirmado,2026-08-16T14:09:00.000Z,2026-08-16T14:32:30.000Z,23.5,0.5,6,Medellín,Laureles,,,Almacén Hogar Ejemplo,Diana Moreno,transferencia bancaria,62000,10000,72000,1,1,juego de toallas blancas x3 (cant 1),False,False,"wa-hogar-0183-msg-01,wa-hogar-0183-msg-04,wa-hogar-0183-msg-05"
wa-hogar-0184,Felipe Moreno,+57 300 XXX 0184,+57 300 XXX 0184,pedido,confirmado,2026-08-17T15:12:00.000Z,2026-08-17T16:00:19.800Z,48.3,6.0,6,Ibagué,La Pola,,,Textiles de Prueba,Felipe Moreno,daviplata,412000,14000,426000,2,5,cobija térmica sencilla azul (cant 2); juego de sábanas doble algodón (cant 3),True,False,"wa-hogar-0184-msg-01,wa-hogar-0184-msg-04,wa-hogar-0184-msg-05"
wa-hogar-0185,Laura Moreno,+57 300 XXX 0185,+57 300 XXX 0185,consulta:politica_devoluciones,sin_pedido,2026-08-18T16:15:00.000Z,2026-08-18T16:34:45.000Z,19.8,7.0,5,,,,,,,,,,,0,0,,False,False,"wa-hogar-0185-msg-01,wa-hogar-0185-msg-05"
wa-hogar-0186,Mateo Moreno,+57 300 XXX 0186,+57 300 XXX 0186,pedido,confirmado,2026-08-19T17:18:00.000Z,2026-08-19T18:20:00.000Z,62.0,0.5,6,Cali,San Fernando,,,Hogar Demo Colombia,Mateo Moreno,pago contraentrega,56000,11000,67000,1,1,protector de colchón doble (cant 1),False,False,"wa-hogar-0186-msg-01,wa-hogar-0186-msg-04,wa-hogar-0186-msg-05"
wa-hogar-0187,Natalia Moreno,+57 300 XXX 0187,+57 300 XXX 0187,pedido,cancelado,2026-08-20T18:21:00.000Z,2026-08-20T21:52:00.000Z,211.0,180.0,6,Santa Marta,Bavaria,,,Almacén Hogar Ejemplo,Natalia Moreno,,314000,16000,330000,2,5,cortina blackout 140x220 beige (cant 2); cojín decorativo terracota (cant 3),False,False,"wa-hogar-0187-msg-01,wa-hogar-0187-msg-04"
wa-hogar-0188,Santiago Moreno,+57 300 XXX 0188,+57 300 XXX 0188,pedido,confirmado,2026-08-21T19:24:00.000Z,2026-08-21T19:54:49.800Z,30.8,10.0,6,Pereira,Álamos,,,Textiles de Prueba,Santiago Moreno,daviplata,330000,16000,346000,3,6,tapete de baño beige (cant 3); protector de colchón queen (cant 1); cobija térmica doble gris (cant 2),False,False,"wa-hogar-0188-msg-01,wa-hogar-0188-msg-04,wa-hogar-0188-msg-05"
wa-hogar-0189,Valentina Moreno,+57 300 XXX 0189,+57 300 XXX 0189,pedido,confirmado,2026-08-22T13:27:00.000Z,2026-08-22T15:01:00.000Z,94.0,55.0,7,Barranquilla,El Prado,,,Casa Ficticia,Valentina Moreno,nequi,39000,13000,52000,1,1,almohada hotelera firme (cant 1),False,True,"wa-hogar-0189-msg-01,wa-hogar-0189-msg-05,wa-hogar-0189-msg-06"
wa-hogar-0190,Andrés Moreno,+57 300 XXX 0190,+57 300 XXX 0190,consulta:politica_devoluciones+consulta_domicilio,sin_pedido,2026-08-23T14:30:00.000Z,2026-08-23T14:55:45.000Z,25.8,3.0,5,,,suba,11000,,,,,,,0,0,,False,False,"wa-hogar-0190-msg-01,wa-hogar-0190-msg-03,wa-hogar-0190-msg-05"
wa-hogar-0191,Camila Moreno,+57 300 XXX 0191,+57 300 XXX 0191,pedido,confirmado,2026-08-24T15:33:00.000Z,2026-08-24T16:24:00.000Z,51.0,4.0,6,Manizales,Palermo,,,Almacén Hogar Ejemplo,Camila Moreno,transferencia bancaria,455000,16000,471000,3,6,juego de toallas arena x2 (cant 3); almohada hotelera media (cant 1); cortina blackout 140x220 gris (cant 2),False,False,"wa-hogar-0191-msg-01,wa-hogar-0191-msg-04,wa-hogar-0191-msg-05"
wa-hogar-0192,Julián Moreno,+57 300 XXX 0192,+57 300 XXX 0192,pedido,confirmado,2026-08-25T16:36:00.000Z,2026-08-25T18:06:49.800Z,90.8,0.5,6,Cartagena,Manga,,,Textiles de Prueba,Julián Moreno,daviplata,89000,14000,103000,1,1,cobija térmica queen beige (cant 1),True,False,"wa-hogar-0192-msg-01,wa-hogar-0192-msg-04,wa-hogar-0192-msg-05"
wa-hogar-0193,Marcela Moreno,+57 300 XXX 0193,+57 300 XXX 0193,pedido,confirmado,2026-08-26T17:39:00.000Z,2026-08-26T18:20:00.000Z,41.0,6.0,6,Medellín,Laureles,,,Casa Ficticia,Marcela Moreno,nequi,242000,12000,254000,2,5,cojín decorativo verde oliva (cant 2); juego de toallas blancas x3 (cant 3),False,False,"wa-hogar-0193-msg-01,wa-hogar-0193-msg-04,wa-hogar-0193-msg-05"
wa-hogar-0194,Nicolás Moreno,+57 300 XXX 0194,+57 300 XXX 0194,pedido,confirmado,2026-08-27T18:42:00.000Z,2026-08-27T19:24:30.000Z,42.5,7.0,6,Ibagué,La Pola,,,Hogar Demo Colombia,Nicolás Moreno,pago contraentrega,413000,16000,429000,3,6,protector de colchón sencillo (cant 3); cobija térmica queen beige (cant 1); juego de sábanas doble algodón (cant 2),False,False,"wa-hogar-0194-msg-01,wa-hogar-0194-msg-04,wa-hogar-0194-msg-05"
wa-hogar-0195,Paola Moreno,+57 300 XXX 0195,+57 300 XXX 0195,consulta:politica_devoluciones,sin_pedido,2026-08-28T19:45:00.000Z,2026-08-28T22:05:30.000Z,140.5,0.5,5,,,,,,,,,,,0,0,,False,False,"wa-hogar-0195-msg-01,wa-hogar-0195-msg-05"
wa-hogar-0196,Sebastián Moreno,+57 300 XXX 0196,+57 300 XXX 0196,pedido,confirmado,2026-08-01T13:48:00.000Z,2026-08-01T15:04:49.800Z,76.8,55.0,6,Cali,San Fernando,,,Textiles de Prueba,Sebastián Moreno,daviplata,232000,13000,245000,2,5,tapete de baño gris (cant 2); protector de colchón doble (cant 3),False,False,"wa-hogar-0196-msg-01,wa-hogar-0196-msg-04,wa-hogar-0196-msg-05"
wa-hogar-0197,Tatiana Moreno,+57 300 XXX 0197,+57 300 XXX 0197,pedido,confirmado,2026-08-02T14:51:00.000Z,2026-08-02T15:37:00.000Z,46.0,10.0,6,Santa Marta,Bavaria,,,Casa Ficticia,Tatiana Moreno,nequi,288000,18000,306000,3,6,almohada hotelera suave (cant 3); cortina blackout 140x220 beige (cant 1); cojín decorativo terracota (cant 2),False,False,"wa-hogar-0197-msg-01,wa-hogar-0197-msg-04,wa-hogar-0197-msg-05"
wa-hogar-0198,Daniel Moreno,+57 300 XXX 0198,+57 300 XXX 0198,pedido,confirmado,2026-08-03T15:54:00.000Z,2026-08-03T19:52:30.000Z,238.5,180.0,7,Pereira,Álamos,,,Hogar Demo Colombia,Daniel Moreno,pago contraentrega,78000,12000,90000,1,1,juego de sábanas doble algodón (cant 1),False,True,"wa-hogar-0198-msg-01,wa-hogar-0198-msg-05,wa-hogar-0198-msg-06"
wa-hogar-0199,Gabriela Moreno,+57 300 XXX 0199,+57 300 XXX 0199,pedido,confirmado,2026-08-04T16:57:00.000Z,2026-08-04T17:44:00.000Z,47.0,3.0,6,Barranquilla,El Prado,,,Almacén Hogar Ejemplo,Gabriela Moreno,transferencia bancaria,241000,15000,256000,2,5,juego de toallas gris x3 (cant 2); almohada hotelera firme (cant 3),False,False,"wa-hogar-0199-msg-01,wa-hogar-0199-msg-04,wa-hogar-0199-msg-05"
wa-hogar-0200,Ricardo Moreno,+57 300 XXX 0200,+57 300 XXX 0200,consulta:politica_devoluciones+consulta_domicilio,sin_pedido,2026-08-05T17:00:00.000Z,2026-08-05T17:06:04.800Z,6.1,4.0,5,,,suba,13000,,,,,,,0,0,,False,False,"wa-hogar-0200-msg-01,wa-hogar-0200-msg-03,wa-hogar-0200-msg-05"
